url,locale,htmlLang,canonical,canonicalOk,hreflangOk,notes
"/ru","ru","ru","https://dordoi.help/ru","true","true",""
"/ru/catalog","ru","ru","https://dordoi.help/ru/catalog","true","true",""
"/ru/sell","ru","ru","https://dordoi.help/ru/sell","true","true",""
"/ru/suppliers","ru","ru","https://dordoi.help/ru/suppliers","true","true",""
"/ru/buyers","ru","ru","https://dordoi.help/ru/buyers","true","true",""
"/ru/buyer-service","ru","ru","https://dordoi.help/ru/buyer-service","true","true",""
"/ru/about","ru","ru","https://dordoi.help/ru/about","true","true",""
"/ru/how-it-works","ru","ru","https://dordoi.help/ru/how-it-works","true","true",""
"/ru/for-buyers","ru","ru","https://dordoi.help/ru/for-buyers","true","true",""
"/ru/for-sellers","ru","ru","https://dordoi.help/ru/for-sellers","true","true",""
"/ru/help","ru","ru","https://dordoi.help/ru/help","true","true",""
"/ru/faq","ru","ru","https://dordoi.help/ru/faq","true","true",""
"/ru/dordoi-kazakhstan","ru","ru","https://dordoi.help/ru/dordoi-kazakhstan","true","true",""
"/ru/dordoi-uzbekistan","ru","ru","https://dordoi.help/ru/dordoi-uzbekistan","true","true",""
"/ru/dordoi-tajikistan","ru","ru","https://dordoi.help/ru/dordoi-tajikistan","true","true",""
"/ru/dordoi-russia","ru","ru","https://dordoi.help/ru/dordoi-russia","true","true",""
"/ru/dordoi-kyrgyzstan","ru","ru","https://dordoi.help/ru/dordoi-kyrgyzstan","true","true",""
"/ru/contact","ru","ru","https://dordoi.help/ru/contact","true","true",""
"/ru/privacy","ru","ru","https://dordoi.help/ru/privacy","true","true",""
"/ru/terms","ru","ru","https://dordoi.help/ru/terms","true","true",""
"/ru/refund","ru","ru","https://dordoi.help/ru/refund","true","true",""
"/ru/kargo-dordoi","ru","ru","https://dordoi.help/ru/kargo-dordoi","true","true",""
"/ru/dordoi-optom","ru","ru","https://dordoi.help/ru/dordoi-optom","true","true",""
"/ru/rynok-bishkek","ru","ru","https://dordoi.help/ru/rynok-bishkek","true","true",""
"/ru/rynok-dordoi","ru","ru","https://dordoi.help/ru/rynok-dordoi","true","true",""
"/ru/categories/zhenskaya-odezhda-optom","ru","ru","https://dordoi.help/ru/categories/zhenskaya-odezhda-optom","true","true",""
"/ru/categories/muzhskaya-odezhda-optom","ru","ru","https://dordoi.help/ru/categories/muzhskaya-odezhda-optom","true","true",""
"/ru/categories/detskaya-odezhda-optom","ru","ru","https://dordoi.help/ru/categories/detskaya-odezhda-optom","true","true",""
"/ru/categories/nizhnee-bele-kupalniki-optom","ru","ru","https://dordoi.help/ru/categories/nizhnee-bele-kupalniki-optom","true","true",""
"/ru/categories/obuv-optom","ru","ru","https://dordoi.help/ru/categories/obuv-optom","true","true",""
"/ru/categories/sumki-kozhgalantereya-optom","ru","ru","https://dordoi.help/ru/categories/sumki-kozhgalantereya-optom","true","true",""
"/ru/categories/aksessuary-optom","ru","ru","https://dordoi.help/ru/categories/aksessuary-optom","true","true",""
"/ru/categories/tkani-shveynaya-furnitura-optom","ru","ru","https://dordoi.help/ru/categories/tkani-shveynaya-furnitura-optom","true","true",""
"/ru/categories/tekstil-dlya-doma-optom","ru","ru","https://dordoi.help/ru/categories/tekstil-dlya-doma-optom","true","true",""
"/ru/categories/kosmetika-parfyumeriya-uhod-optom","ru","ru","https://dordoi.help/ru/categories/kosmetika-parfyumeriya-uhod-optom","true","true",""
"/ru/categories/igrushki-tovary-dlya-detey-optom","ru","ru","https://dordoi.help/ru/categories/igrushki-tovary-dlya-detey-optom","true","true",""
"/ru/categories/elektronika-mobilnye-aksessuary-optom","ru","ru","https://dordoi.help/ru/categories/elektronika-mobilnye-aksessuary-optom","true","true",""
"/ru/categories/upakovka-torgovoe-oborudovanie","ru","ru","https://dordoi.help/ru/categories/upakovka-torgovoe-oborudovanie","true","true",""
"/ru/categories/tovary-dlya-doma-hoztovary-optom","ru","ru","https://dordoi.help/ru/categories/tovary-dlya-doma-hoztovary-optom","true","true",""
"/ru/categories/avtotovary-aksessuary-optom","ru","ru","https://dordoi.help/ru/categories/avtotovary-aksessuary-optom","true","true",""
"/ru/categories/sport-turizm-otdyh-optom","ru","ru","https://dordoi.help/ru/categories/sport-turizm-otdyh-optom","true","true",""
"/ru/blog","ru","ru","https://dordoi.help/ru/blog","true","true",""
"/ru/blog/kak-nayti-postavshchika-dordoi","ru","ru","https://dordoi.help/ru/blog/kak-nayti-postavshchika-dordoi","true","true",""
"/ru/blog/kargo-dordoi-kak-rabotaet-dostavka","ru","ru","https://dordoi.help/ru/blog/kargo-dordoi-kak-rabotaet-dostavka","true","true",""
"/ru/blog/kak-kupit-optom-na-dordoe","ru","ru","https://dordoi.help/ru/blog/kak-kupit-optom-na-dordoe","true","true",""
"/ru/blog/kak-proverit-postavshchika-dordoi","ru","ru","https://dordoi.help/ru/blog/kak-proverit-postavshchika-dordoi","true","true",""
"/ru/blog/chek-list-zakupki-na-dordoe","ru","ru","https://dordoi.help/ru/blog/chek-list-zakupki-na-dordoe","true","true",""
"/ru/blog/kak-sravnit-postavshchikov-dordoi","ru","ru","https://dordoi.help/ru/blog/kak-sravnit-postavshchikov-dordoi","true","true",""
"/ru/blog/kak-napisat-postavshchiku-dordoi","ru","ru","https://dordoi.help/ru/blog/kak-napisat-postavshchiku-dordoi","true","true",""
"/ru/blog/kak-zakupat-na-dordoe-udalenno","ru","ru","https://dordoi.help/ru/blog/kak-zakupat-na-dordoe-udalenno","true","true",""
"/ru/blog/dostavka-s-dordoya-v-kazakhstan","ru","ru","https://dordoi.help/ru/blog/dostavka-s-dordoya-v-kazakhstan","true","true",""
"/ru/blog/dostavka-s-dordoya-v-uzbekistan","ru","ru","https://dordoi.help/ru/blog/dostavka-s-dordoya-v-uzbekistan","true","true",""
"/ru/blog/dostavka-s-dordoya-v-tajikistan","ru","ru","https://dordoi.help/ru/blog/dostavka-s-dordoya-v-tajikistan","true","true",""
"/ru/blog/dostavka-s-dordoya-v-russia","ru","ru","https://dordoi.help/ru/blog/dostavka-s-dordoya-v-russia","true","true",""
"/ru/blog/kargo-dordoi-skolko-vremeni-zanimaet","ru","ru","https://dordoi.help/ru/blog/kargo-dordoi-skolko-vremeni-zanimaet","true","true",""
"/ru/blog/bayer-dordoi-kto-eto-i-zachem-nuzhen","ru","ru","https://dordoi.help/ru/blog/bayer-dordoi-kto-eto-i-zachem-nuzhen","true","true",""
"/ru/blog/kak-vybrat-bayera-dordoi","ru","ru","https://dordoi.help/ru/blog/kak-vybrat-bayera-dordoi","true","true",""
"/ru/blog/bayer-dordoi-dlya-kazakhstana","ru","ru","https://dordoi.help/ru/blog/bayer-dordoi-dlya-kazakhstana","true","true",""
"/ru/blog/bayer-ili-samostoyatelnaya-zakupka-dordoi","ru","ru","https://dordoi.help/ru/blog/bayer-ili-samostoyatelnaya-zakupka-dordoi","true","true",""
"/ru/blog/zhenskaya-odezhda-optom-dordoi","ru","ru","https://dordoi.help/ru/blog/zhenskaya-odezhda-optom-dordoi","true","true",""
"/ru/blog/muzhskaya-odezhda-optom-dordoi","ru","ru","https://dordoi.help/ru/blog/muzhskaya-odezhda-optom-dordoi","true","true",""
"/ru/blog/detskaya-odezhda-optom-dordoi","ru","ru","https://dordoi.help/ru/blog/detskaya-odezhda-optom-dordoi","true","true",""
"/ru/blog/obuv-optom-dordoi","ru","ru","https://dordoi.help/ru/blog/obuv-optom-dordoi","true","true",""
"/ru/blog/sumki-optom-dordoi","ru","ru","https://dordoi.help/ru/blog/sumki-optom-dordoi","true","true",""
"/ru/blog/tkani-i-furnitura-dordoi","ru","ru","https://dordoi.help/ru/blog/tkani-i-furnitura-dordoi","true","true",""
"/ru/blog/dordoi-optom-polnyy-gid","ru","ru","https://dordoi.help/ru/blog/dordoi-optom-polnyy-gid","true","true",""
"/ru/blog/dordoi-online-katalog-kak-polzovatsya","ru","ru","https://dordoi.help/ru/blog/dordoi-online-katalog-kak-polzovatsya","true","true",""
"/ru/blog/dordoi-prais-listy-i-tseny-kak-utochnyat","ru","ru","https://dordoi.help/ru/blog/dordoi-prais-listy-i-tseny-kak-utochnyat","true","true",""
"/ru/blog/kontakty-postavshchikov-dordoi-kak-otkryt-bezopasno","ru","ru","https://dordoi.help/ru/blog/kontakty-postavshchikov-dordoi-kak-otkryt-bezopasno","true","true",""
"/ru/blog/trikotazh-optom-dordoi","ru","ru","https://dordoi.help/ru/blog/trikotazh-optom-dordoi","true","true",""
"/ru/blog/nizhnee-bele-i-korsety-optom-dordoi","ru","ru","https://dordoi.help/ru/blog/nizhnee-bele-i-korsety-optom-dordoi","true","true",""
"/ru/blog/postelnoe-bele-optom-kyrgyzstan","ru","ru","https://dordoi.help/ru/blog/postelnoe-bele-optom-kyrgyzstan","true","true",""
"/ru/blog/postavshchiki-dlya-wildberries-bishkek","ru","ru","https://dordoi.help/ru/blog/postavshchiki-dlya-wildberries-bishkek","true","true",""
"/ru/blog/tovary-optom-dlya-marketpleysov-kyrgyzstan","ru","ru","https://dordoi.help/ru/blog/tovary-optom-dlya-marketpleysov-kyrgyzstan","true","true",""
"/ru/blog/shveynye-tsekha-bishkek-i-proizvodstvo-odezhdy","ru","ru","https://dordoi.help/ru/blog/shveynye-tsekha-bishkek-i-proizvodstvo-odezhdy","true","true",""
"/ru/blog/poshiv-odezhdy-pod-klyuch-bishkek","ru","ru","https://dordoi.help/ru/blog/poshiv-odezhdy-pod-klyuch-bishkek","true","true",""
"/ru/blog/rynok-bishkek-optovye-rynki-gde-iskat-postavshchikov","ru","ru","https://dordoi.help/ru/blog/rynok-bishkek-optovye-rynki-gde-iskat-postavshchikov","true","true",""
"/ru/blog/postavshchiki-bishkek-kak-nayti-optovogo-partnera","ru","ru","https://dordoi.help/ru/blog/postavshchiki-bishkek-kak-nayti-optovogo-partnera","true","true",""
"/ru/blog/rynok-dordoi-bishkek-postavshchiki-katalog-i-kategorii","ru","ru","https://dordoi.help/ru/blog/rynok-dordoi-bishkek-postavshchiki-katalog-i-kategorii","true","true",""
"/ru/blog/optovye-rynki-bishkeka-dordoi-madina-alamedin-kak-vybrat","ru","ru","https://dordoi.help/ru/blog/optovye-rynki-bishkeka-dordoi-madina-alamedin-kak-vybrat","true","true",""
"/ru/blog/odezhda-optom-bishkek-postavshchiki-dordoi","ru","ru","https://dordoi.help/ru/blog/odezhda-optom-bishkek-postavshchiki-dordoi","true","true",""
"/ru/blog/tovary-optom-bishkek-dlya-magazina-i-marketpleysa","ru","ru","https://dordoi.help/ru/blog/tovary-optom-bishkek-dlya-magazina-i-marketpleysa","true","true",""
"/ru/blog/katalog-postavshchikov-bishkek-kak-polzovatsya","ru","ru","https://dordoi.help/ru/blog/katalog-postavshchikov-bishkek-kak-polzovatsya","true","true",""
"/ru/blog/kak-vybrat-rynok-v-bishkeke-dlya-optovoy-zakupki","ru","ru","https://dordoi.help/ru/blog/kak-vybrat-rynok-v-bishkeke-dlya-optovoy-zakupki","true","true",""
"/ru/catalog/postavshik-zhenskoy-odezhdy-a9e9","ru","ru","https://dordoi.help/ru/suppliers/asso-corsets","true","true",""
"/ru/suppliers/asso-corsets","ru","ru","https://dordoi.help/ru/suppliers/asso-corsets","true","true",""
"/kk","kk","kk","https://dordoi.help/kk","true","true",""
"/kk/catalog","kk","kk","https://dordoi.help/kk/catalog","true","true",""
"/kk/sell","kk","kk","https://dordoi.help/kk/sell","true","true",""
"/kk/suppliers","kk","kk","https://dordoi.help/kk/suppliers","true","true",""
"/kk/buyers","kk","kk","https://dordoi.help/kk/buyers","true","true",""
"/kk/buyer-service","kk","kk","https://dordoi.help/kk/buyer-service","true","true",""
"/kk/about","kk","kk","https://dordoi.help/kk/about","true","true",""
"/kk/how-it-works","kk","kk","https://dordoi.help/kk/how-it-works","true","true",""
"/kk/for-buyers","kk","kk","https://dordoi.help/kk/for-buyers","true","true",""
"/kk/for-sellers","kk","kk","https://dordoi.help/kk/for-sellers","true","true",""
"/kk/help","kk","kk","https://dordoi.help/kk/help","true","true",""
"/kk/faq","kk","kk","https://dordoi.help/kk/faq","true","true",""
"/kk/dordoi-kazakhstan","kk","kk","https://dordoi.help/kk/dordoi-kazakhstan","true","true",""
"/kk/dordoi-uzbekistan","kk","kk","https://dordoi.help/kk/dordoi-uzbekistan","true","true",""
"/kk/dordoi-tajikistan","kk","kk","https://dordoi.help/kk/dordoi-tajikistan","true","true",""
"/kk/dordoi-russia","kk","kk","https://dordoi.help/kk/dordoi-russia","true","true",""
"/kk/dordoi-kyrgyzstan","kk","kk","https://dordoi.help/kk/dordoi-kyrgyzstan","true","true",""
"/kk/contact","kk","kk","https://dordoi.help/kk/contact","true","true",""
"/kk/privacy","kk","kk","https://dordoi.help/kk/privacy","true","true",""
"/kk/terms","kk","kk","https://dordoi.help/kk/terms","true","true",""
"/kk/refund","kk","kk","https://dordoi.help/kk/refund","true","true",""
"/kk/kargo-dordoi","kk","kk","https://dordoi.help/kk/kargo-dordoi","true","true",""
"/kk/dordoi-optom","kk","kk","https://dordoi.help/kk/dordoi-optom","true","true",""
"/kk/rynok-bishkek","kk","kk","https://dordoi.help/kk/rynok-bishkek","true","true",""
"/kk/rynok-dordoi","kk","kk","https://dordoi.help/kk/rynok-dordoi","true","true",""
"/kk/categories/ayelder-kiimi-koterme","kk","kk","https://dordoi.help/kk/categories/ayelder-kiimi-koterme","true","true",""
"/kk/categories/erler-kiimi-koterme","kk","kk","https://dordoi.help/kk/categories/erler-kiimi-koterme","true","true",""
"/kk/categories/balalar-kiimi-koterme","kk","kk","https://dordoi.help/kk/categories/balalar-kiimi-koterme","true","true",""
"/kk/categories/astyk-kiim-kupalnik-koterme","kk","kk","https://dordoi.help/kk/categories/astyk-kiim-kupalnik-koterme","true","true",""
"/kk/categories/ayak-kiim-koterme","kk","kk","https://dordoi.help/kk/categories/ayak-kiim-koterme","true","true",""
"/kk/categories/sumka-teriden-koterme","kk","kk","https://dordoi.help/kk/categories/sumka-teriden-koterme","true","true",""
"/kk/categories/aksessuar-koterme","kk","kk","https://dordoi.help/kk/categories/aksessuar-koterme","true","true",""
"/kk/categories/matamen-shyru-furnitura-koterme","kk","kk","https://dordoi.help/kk/categories/matamen-shyru-furnitura-koterme","true","true",""
"/kk/categories/ui-textili-koterme","kk","kk","https://dordoi.help/kk/categories/ui-textili-koterme","true","true",""
"/kk/categories/kosmetika-parfumeriya-koterme","kk","kk","https://dordoi.help/kk/categories/kosmetika-parfumeriya-koterme","true","true",""
"/kk/categories/oyyinshyk-balalar-koterme","kk","kk","https://dordoi.help/kk/categories/oyyinshyk-balalar-koterme","true","true",""
"/kk/categories/elektronika-mobil-aksessuar-koterme","kk","kk","https://dordoi.help/kk/categories/elektronika-mobil-aksessuar-koterme","true","true",""
"/kk/categories/orau-sauda-zhuymesi-koterme","kk","kk","https://dordoi.help/kk/categories/orau-sauda-zhuymesi-koterme","true","true",""
"/kk/categories/ui-tauar-turak-koterme","kk","kk","https://dordoi.help/kk/categories/ui-tauar-turak-koterme","true","true",""
"/kk/categories/avto-tauar-aksesuar-koterme","kk","kk","https://dordoi.help/kk/categories/avto-tauar-aksesuar-koterme","true","true",""
"/kk/categories/sport-turizm-demal-koterme","kk","kk","https://dordoi.help/kk/categories/sport-turizm-demal-koterme","true","true",""
"/kk/blog","kk","kk","https://dordoi.help/kk/blog","true","true",""
"/kk/blog/dordoi-zhetkizushini-qalai-tabu","kk","kk","https://dordoi.help/kk/blog/dordoi-zhetkizushini-qalai-tabu","true","true",""
"/kk/blog/dordoi-kargo-qalai-zhumys-isteidi","kk","kk","https://dordoi.help/kk/blog/dordoi-kargo-qalai-zhumys-isteidi","true","true",""
"/kk/blog/dordoi-koterme-qalai-satyp-alu","kk","kk","https://dordoi.help/kk/blog/dordoi-koterme-qalai-satyp-alu","true","true",""
"/kk/blog/dordoi-zhetkizushini-qalai-tekseru","kk","kk","https://dordoi.help/kk/blog/dordoi-zhetkizushini-qalai-tekseru","true","true",""
"/kk/blog/dordoi-satyp-alu-chek-paragy","kk","kk","https://dordoi.help/kk/blog/dordoi-satyp-alu-chek-paragy","true","true",""
"/kk/blog/dordoi-zhetkizushilerin-qalai-salystyru","kk","kk","https://dordoi.help/kk/blog/dordoi-zhetkizushilerin-qalai-salystyru","true","true",""
"/kk/blog/dordoi-zhetkizushisine-qalai-zhazu","kk","kk","https://dordoi.help/kk/blog/dordoi-zhetkizushisine-qalai-zhazu","true","true",""
"/kk/blog/dordoi-qashyqtan-qalai-satyp-alu","kk","kk","https://dordoi.help/kk/blog/dordoi-qashyqtan-qalai-satyp-alu","true","true",""
"/kk/blog/dordoidan-qazaqstanga-zhetkizu","kk","kk","https://dordoi.help/kk/blog/dordoidan-qazaqstanga-zhetkizu","true","true",""
"/kk/blog/dordoidan-ozbekstanga-zhetkizu","kk","kk","https://dordoi.help/kk/blog/dordoidan-ozbekstanga-zhetkizu","true","true",""
"/kk/blog/dordoidan-tazhikstanga-zhetkizu","kk","kk","https://dordoi.help/kk/blog/dordoidan-tazhikstanga-zhetkizu","true","true",""
"/kk/blog/dordoidan-reseige-zhetkizu","kk","kk","https://dordoi.help/kk/blog/dordoidan-reseige-zhetkizu","true","true",""
"/kk/blog/dordoi-kargo-qansha-uakyt-alady","kk","kk","https://dordoi.help/kk/blog/dordoi-kargo-qansha-uakyt-alady","true","true",""
"/kk/blog/dordoi-bayer-degen-kim","kk","kk","https://dordoi.help/kk/blog/dordoi-bayer-degen-kim","true","true",""
"/kk/blog/dordoi-bayerin-qalai-tandau","kk","kk","https://dordoi.help/kk/blog/dordoi-bayerin-qalai-tandau","true","true",""
"/kk/blog/qazaqstan-ushin-dordoi-bayer","kk","kk","https://dordoi.help/kk/blog/qazaqstan-ushin-dordoi-bayer","true","true",""
"/kk/blog/dordoi-bayer-nemese-oz-betimen-satyp-alu","kk","kk","https://dordoi.help/kk/blog/dordoi-bayer-nemese-oz-betimen-satyp-alu","true","true",""
"/kk/blog/ayelder-kiimi-koterme-dordoi","kk","kk","https://dordoi.help/kk/blog/ayelder-kiimi-koterme-dordoi","true","true",""
"/kk/blog/erler-kiimi-koterme-dordoi","kk","kk","https://dordoi.help/kk/blog/erler-kiimi-koterme-dordoi","true","true",""
"/kk/blog/balalar-kiimi-koterme-dordoi","kk","kk","https://dordoi.help/kk/blog/balalar-kiimi-koterme-dordoi","true","true",""
"/kk/blog/ayaq-kiim-koterme-dordoi","kk","kk","https://dordoi.help/kk/blog/ayaq-kiim-koterme-dordoi","true","true",""
"/kk/blog/somkeler-koterme-dordoi","kk","kk","https://dordoi.help/kk/blog/somkeler-koterme-dordoi","true","true",""
"/kk/blog/matalar-furnitura-dordoi","kk","kk","https://dordoi.help/kk/blog/matalar-furnitura-dordoi","true","true",""
"/kk/blog/dordoi-koterme-tolyk-nuskaulyk","kk","kk","https://dordoi.help/kk/blog/dordoi-koterme-tolyk-nuskaulyk","true","true",""
"/kk/blog/dordoi-onlain-katalog-qalai-paidalanu","kk","kk","https://dordoi.help/kk/blog/dordoi-onlain-katalog-qalai-paidalanu","true","true",""
"/kk/blog/dordoi-bagalary-men-prais-qalai-naqtylau","kk","kk","https://dordoi.help/kk/blog/dordoi-bagalary-men-prais-qalai-naqtylau","true","true",""
"/kk/blog/dordoi-zhetkizushi-kontaktary-qauipsiz-ashu","kk","kk","https://dordoi.help/kk/blog/dordoi-zhetkizushi-kontaktary-qauipsiz-ashu","true","true",""
"/kk/blog/trikotazh-koterme-dordoi","kk","kk","https://dordoi.help/kk/blog/trikotazh-koterme-dordoi","true","true",""
"/kk/blog/is-kiim-korset-koterme-dordoi","kk","kk","https://dordoi.help/kk/blog/is-kiim-korset-koterme-dordoi","true","true",""
"/kk/blog/kyrgyzstan-tosek-zhabdgy-koterme","kk","kk","https://dordoi.help/kk/blog/kyrgyzstan-tosek-zhabdgy-koterme","true","true",""
"/kk/blog/wildberries-ushin-bishkek-zhetkizushileri","kk","kk","https://dordoi.help/kk/blog/wildberries-ushin-bishkek-zhetkizushileri","true","true",""
"/kk/blog/qyrgyzstan-marketpleis-tauarlary-koterme","kk","kk","https://dordoi.help/kk/blog/qyrgyzstan-marketpleis-tauarlary-koterme","true","true",""
"/kk/blog/bishkek-tigin-tsehtary-kiim-ondirisi","kk","kk","https://dordoi.help/kk/blog/bishkek-tigin-tsehtary-kiim-ondirisi","true","true",""
"/kk/blog/bishkek-daiyn-kiim-tigu","kk","kk","https://dordoi.help/kk/blog/bishkek-daiyn-kiim-tigu","true","true",""
"/kk/blog/bishkek-koterme-naryktar-zhetkizushi-izdeu","kk","kk","https://dordoi.help/kk/blog/bishkek-koterme-naryktar-zhetkizushi-izdeu","true","true",""
"/kk/blog/bishkek-zhetkizushileri-koterme-seriktes-tabu","kk","kk","https://dordoi.help/kk/blog/bishkek-zhetkizushileri-koterme-seriktes-tabu","true","true",""
"/kk/blog/dordoi-bishkek-zhetkizushiler-katalog-sanattar","kk","kk","https://dordoi.help/kk/blog/dordoi-bishkek-zhetkizushiler-katalog-sanattar","true","true",""
"/kk/blog/bishkek-koterme-naryktary-dordoi-madina-alamedin","kk","kk","https://dordoi.help/kk/blog/bishkek-koterme-naryktary-dordoi-madina-alamedin","true","true",""
"/kk/blog/bishkek-kiim-koterme-dordoi-zhetkizushiler","kk","kk","https://dordoi.help/kk/blog/bishkek-kiim-koterme-dordoi-zhetkizushiler","true","true",""
"/kk/blog/bishkek-tauarlar-koterme-duken-marketpleis","kk","kk","https://dordoi.help/kk/blog/bishkek-tauarlar-koterme-duken-marketpleis","true","true",""
"/kk/blog/bishkek-zhetkizushiler-katalogy-qalai-paidalanu","kk","kk","https://dordoi.help/kk/blog/bishkek-zhetkizushiler-katalogy-qalai-paidalanu","true","true",""
"/kk/blog/bishkekte-koterme-satyp-alu-ushin-naryk-tandau","kk","kk","https://dordoi.help/kk/blog/bishkekte-koterme-satyp-alu-ushin-naryk-tandau","true","true",""
"/kk/catalog/postavshik-zhenskoy-odezhdy-a9e9","kk","kk","https://dordoi.help/kk/suppliers/asso-corsets","true","true",""
"/kk/suppliers/asso-corsets","kk","kk","https://dordoi.help/kk/suppliers/asso-corsets","true","true",""
"/kg","kg","ky","https://dordoi.help/kg","true","true",""
"/kg/catalog","kg","ky","https://dordoi.help/kg/catalog","true","true",""
"/kg/sell","kg","ky","https://dordoi.help/kg/sell","true","true",""
"/kg/suppliers","kg","ky","https://dordoi.help/kg/suppliers","true","true",""
"/kg/buyers","kg","ky","https://dordoi.help/kg/buyers","true","true",""
"/kg/buyer-service","kg","ky","https://dordoi.help/kg/buyer-service","true","true",""
"/kg/about","kg","ky","https://dordoi.help/kg/about","true","true",""
"/kg/how-it-works","kg","ky","https://dordoi.help/kg/how-it-works","true","true",""
"/kg/for-buyers","kg","ky","https://dordoi.help/kg/for-buyers","true","true",""
"/kg/for-sellers","kg","ky","https://dordoi.help/kg/for-sellers","true","true",""
"/kg/help","kg","ky","https://dordoi.help/kg/help","true","true",""
"/kg/faq","kg","ky","https://dordoi.help/kg/faq","true","true",""
"/kg/dordoi-kazakhstan","kg","ky","https://dordoi.help/kg/dordoi-kazakhstan","true","true",""
"/kg/dordoi-uzbekistan","kg","ky","https://dordoi.help/kg/dordoi-uzbekistan","true","true",""
"/kg/dordoi-tajikistan","kg","ky","https://dordoi.help/kg/dordoi-tajikistan","true","true",""
"/kg/dordoi-russia","kg","ky","https://dordoi.help/kg/dordoi-russia","true","true",""
"/kg/dordoi-kyrgyzstan","kg","ky","https://dordoi.help/kg/dordoi-kyrgyzstan","true","true",""
"/kg/contact","kg","ky","https://dordoi.help/kg/contact","true","true",""
"/kg/privacy","kg","ky","https://dordoi.help/kg/privacy","true","true",""
"/kg/terms","kg","ky","https://dordoi.help/kg/terms","true","true",""
"/kg/refund","kg","ky","https://dordoi.help/kg/refund","true","true",""
"/kg/kargo-dordoi","kg","ky","https://dordoi.help/kg/kargo-dordoi","true","true",""
"/kg/dordoi-optom","kg","ky","https://dordoi.help/kg/dordoi-optom","true","true",""
"/kg/rynok-bishkek","kg","ky","https://dordoi.help/kg/rynok-bishkek","true","true",""
"/kg/rynok-dordoi","kg","ky","https://dordoi.help/kg/rynok-dordoi","true","true",""
"/kg/categories/ayaldar-kiyimi-dung","kg","ky","https://dordoi.help/kg/categories/ayaldar-kiyimi-dung","true","true",""
"/kg/categories/erkek-kiyimi-dung","kg","ky","https://dordoi.help/kg/categories/erkek-kiyimi-dung","true","true",""
"/kg/categories/baldar-kiyimi-dung","kg","ky","https://dordoi.help/kg/categories/baldar-kiyimi-dung","true","true",""
"/kg/categories/astyk-kiyim-kupalnik-dung","kg","ky","https://dordoi.help/kg/categories/astyk-kiyim-kupalnik-dung","true","true",""
"/kg/categories/but-kiim-dung","kg","ky","https://dordoi.help/kg/categories/but-kiim-dung","true","true",""
"/kg/categories/sumka-teri-dung","kg","ky","https://dordoi.help/kg/categories/sumka-teri-dung","true","true",""
"/kg/categories/aksessuar-dung","kg","ky","https://dordoi.help/kg/categories/aksessuar-dung","true","true",""
"/kg/categories/matamen-shyru-furnitura-dung","kg","ky","https://dordoi.help/kg/categories/matamen-shyru-furnitura-dung","true","true",""
"/kg/categories/ui-textili-dung","kg","ky","https://dordoi.help/kg/categories/ui-textili-dung","true","true",""
"/kg/categories/kosmetika-parfumeriya-dung","kg","ky","https://dordoi.help/kg/categories/kosmetika-parfumeriya-dung","true","true",""
"/kg/categories/oynoochuk-baldar-dung","kg","ky","https://dordoi.help/kg/categories/oynoochuk-baldar-dung","true","true",""
"/kg/categories/elektronika-mobil-aksessuar-dung","kg","ky","https://dordoi.help/kg/categories/elektronika-mobil-aksessuar-dung","true","true",""
"/kg/categories/oroo-sauda-zhuymosu-dung","kg","ky","https://dordoi.help/kg/categories/oroo-sauda-zhuymosu-dung","true","true",""
"/kg/categories/ui-tovar-turak-dung","kg","ky","https://dordoi.help/kg/categories/ui-tovar-turak-dung","true","true",""
"/kg/categories/avto-tovar-aksessuar-dung","kg","ky","https://dordoi.help/kg/categories/avto-tovar-aksessuar-dung","true","true",""
"/kg/categories/sport-turizm-dem-al-dung","kg","ky","https://dordoi.help/kg/categories/sport-turizm-dem-al-dung","true","true",""
"/kg/blog","kg","ky","https://dordoi.help/kg/blog","true","true",""
"/kg/blog/dordoi-zhetkiruuchunu-kantip-tabuu","kg","ky","https://dordoi.help/kg/blog/dordoi-zhetkiruuchunu-kantip-tabuu","true","true",""
"/kg/blog/dordoi-kargo-kantip-ishteit","kg","ky","https://dordoi.help/kg/blog/dordoi-kargo-kantip-ishteit","true","true",""
"/kg/blog/dordoi-optom-kantip-satyp-aluu","kg","ky","https://dordoi.help/kg/blog/dordoi-optom-kantip-satyp-aluu","true","true",""
"/kg/blog/dordoi-zhetkiruuchunu-kantip-teksheruu","kg","ky","https://dordoi.help/kg/blog/dordoi-zhetkiruuchunu-kantip-teksheruu","true","true",""
"/kg/blog/dordoi-satyp-aluu-chek-baragy","kg","ky","https://dordoi.help/kg/blog/dordoi-satyp-aluu-chek-baragy","true","true",""
"/kg/blog/dordoi-zhetkiruuchulorun-kantip-salyshtyruu","kg","ky","https://dordoi.help/kg/blog/dordoi-zhetkiruuchulorun-kantip-salyshtyruu","true","true",""
"/kg/blog/dordoi-zhetkiruuchusuno-kantip-zhazuu","kg","ky","https://dordoi.help/kg/blog/dordoi-zhetkiruuchusuno-kantip-zhazuu","true","true",""
"/kg/blog/dordoi-aralyktan-kantip-satyp-aluu","kg","ky","https://dordoi.help/kg/blog/dordoi-aralyktan-kantip-satyp-aluu","true","true",""
"/kg/blog/dordoidon-kazakstanga-zhetkiruu","kg","ky","https://dordoi.help/kg/blog/dordoidon-kazakstanga-zhetkiruu","true","true",""
"/kg/blog/dordoidon-ozbekstanga-zhetkiruu","kg","ky","https://dordoi.help/kg/blog/dordoidon-ozbekstanga-zhetkiruu","true","true",""
"/kg/blog/dordoidon-tazhikstanga-zhetkiruu","kg","ky","https://dordoi.help/kg/blog/dordoidon-tazhikstanga-zhetkiruu","true","true",""
"/kg/blog/dordoidon-rossiyaga-zhetkiruu","kg","ky","https://dordoi.help/kg/blog/dordoidon-rossiyaga-zhetkiruu","true","true",""
"/kg/blog/dordoi-kargo-kancha-ubakyt-alat","kg","ky","https://dordoi.help/kg/blog/dordoi-kargo-kancha-ubakyt-alat","true","true",""
"/kg/blog/dordoi-bayer-kim-zhana-emne-uchun-kerek","kg","ky","https://dordoi.help/kg/blog/dordoi-bayer-kim-zhana-emne-uchun-kerek","true","true",""
"/kg/blog/dordoi-bayerin-kantip-tandoo","kg","ky","https://dordoi.help/kg/blog/dordoi-bayerin-kantip-tandoo","true","true",""
"/kg/blog/kazakstan-uchun-dordoi-bayer","kg","ky","https://dordoi.help/kg/blog/kazakstan-uchun-dordoi-bayer","true","true",""
"/kg/blog/dordoi-bayer-zhe-oz-aldyncha-satyp-aluu","kg","ky","https://dordoi.help/kg/blog/dordoi-bayer-zhe-oz-aldyncha-satyp-aluu","true","true",""
"/kg/blog/ayaldar-kiyimi-dununon-dordoi","kg","ky","https://dordoi.help/kg/blog/ayaldar-kiyimi-dununon-dordoi","true","true",""
"/kg/blog/erkekter-kiyimi-dununon-dordoi","kg","ky","https://dordoi.help/kg/blog/erkekter-kiyimi-dununon-dordoi","true","true",""
"/kg/blog/baldar-kiyimi-dununon-dordoi","kg","ky","https://dordoi.help/kg/blog/baldar-kiyimi-dununon-dordoi","true","true",""
"/kg/blog/but-kiyim-dununon-dordoi","kg","ky","https://dordoi.help/kg/blog/but-kiyim-dununon-dordoi","true","true",""
"/kg/blog/sumkalar-dununon-dordoi","kg","ky","https://dordoi.help/kg/blog/sumkalar-dununon-dordoi","true","true",""
"/kg/blog/kezdeme-furnitura-dordoi","kg","ky","https://dordoi.help/kg/blog/kezdeme-furnitura-dordoi","true","true",""
"/kg/blog/dordoi-dununon-toluk-koldonmo","kg","ky","https://dordoi.help/kg/blog/dordoi-dununon-toluk-koldonmo","true","true",""
"/kg/blog/dordoi-onlain-katalog-kantip-koldonuu","kg","ky","https://dordoi.help/kg/blog/dordoi-onlain-katalog-kantip-koldonuu","true","true",""
"/kg/blog/dordoi-baalary-prais-kantip-taktoo","kg","ky","https://dordoi.help/kg/blog/dordoi-baalary-prais-kantip-taktoo","true","true",""
"/kg/blog/dordoi-zhetkiruuchu-kontaktaryn-koopsuz-achuu","kg","ky","https://dordoi.help/kg/blog/dordoi-zhetkiruuchu-kontaktaryn-koopsuz-achuu","true","true",""
"/kg/blog/trikotazh-dununon-dordoi","kg","ky","https://dordoi.help/kg/blog/trikotazh-dununon-dordoi","true","true",""
"/kg/blog/ich-kiyim-korset-dununon-dordoi","kg","ky","https://dordoi.help/kg/blog/ich-kiyim-korset-dununon-dordoi","true","true",""
"/kg/blog/kyrgyzstan-toshok-zhabdyk-dununon","kg","ky","https://dordoi.help/kg/blog/kyrgyzstan-toshok-zhabdyk-dununon","true","true",""
"/kg/blog/wildberries-uchun-bishkek-zhetkiruuchuloru","kg","ky","https://dordoi.help/kg/blog/wildberries-uchun-bishkek-zhetkiruuchuloru","true","true",""
"/kg/blog/kyrgyzstan-marketpleis-tovarlary-dununon","kg","ky","https://dordoi.help/kg/blog/kyrgyzstan-marketpleis-tovarlary-dununon","true","true",""
"/kg/blog/bishkek-tiguu-tsehtary-kiyim-ondurush","kg","ky","https://dordoi.help/kg/blog/bishkek-tiguu-tsehtary-kiyim-ondurush","true","true",""
"/kg/blog/bishkek-dayar-kiyim-tigu","kg","ky","https://dordoi.help/kg/blog/bishkek-dayar-kiyim-tigu","true","true",""
"/kg/blog/bishkek-optom-bazarlary-zhetkiruuchu-izdoo","kg","ky","https://dordoi.help/kg/blog/bishkek-optom-bazarlary-zhetkiruuchu-izdoo","true","true",""
"/kg/blog/bishkek-zhetkiruuchuloru-optom-sherik-tabuu","kg","ky","https://dordoi.help/kg/blog/bishkek-zhetkiruuchuloru-optom-sherik-tabuu","true","true",""
"/kg/blog/dordoi-bishkek-zhetkiruuchulor-katalog-kategoriyalar","kg","ky","https://dordoi.help/kg/blog/dordoi-bishkek-zhetkiruuchulor-katalog-kategoriyalar","true","true",""
"/kg/blog/bishkek-optom-bazarlary-dordoi-madina-alamedin","kg","ky","https://dordoi.help/kg/blog/bishkek-optom-bazarlary-dordoi-madina-alamedin","true","true",""
"/kg/blog/bishkek-kiyim-optom-dordoi-zhetkiruuchulor","kg","ky","https://dordoi.help/kg/blog/bishkek-kiyim-optom-dordoi-zhetkiruuchulor","true","true",""
"/kg/blog/bishkek-tovarlar-optom-dukon-marketpleis","kg","ky","https://dordoi.help/kg/blog/bishkek-tovarlar-optom-dukon-marketpleis","true","true",""
"/kg/blog/bishkek-zhetkiruuchulor-katalogu-kantip-koldonuu","kg","ky","https://dordoi.help/kg/blog/bishkek-zhetkiruuchulor-katalogu-kantip-koldonuu","true","true",""
"/kg/blog/bishkekte-optom-satyp-aluu-uchun-bazar-tandoo","kg","ky","https://dordoi.help/kg/blog/bishkekte-optom-satyp-aluu-uchun-bazar-tandoo","true","true",""
"/kg/catalog/postavshik-zhenskoy-odezhdy-a9e9","kg","ky","https://dordoi.help/kg/suppliers/asso-corsets","true","true",""
"/kg/suppliers/asso-corsets","kg","ky","https://dordoi.help/kg/suppliers/asso-corsets","true","true",""
"/uz","uz","uz","https://dordoi.help/uz","true","true",""
"/uz/catalog","uz","uz","https://dordoi.help/uz/catalog","true","true",""
"/uz/sell","uz","uz","https://dordoi.help/uz/sell","true","true",""
"/uz/suppliers","uz","uz","https://dordoi.help/uz/suppliers","true","true",""
"/uz/buyers","uz","uz","https://dordoi.help/uz/buyers","true","true",""
"/uz/buyer-service","uz","uz","https://dordoi.help/uz/buyer-service","true","true",""
"/uz/about","uz","uz","https://dordoi.help/uz/about","true","true",""
"/uz/how-it-works","uz","uz","https://dordoi.help/uz/how-it-works","true","true",""
"/uz/for-buyers","uz","uz","https://dordoi.help/uz/for-buyers","true","true",""
"/uz/for-sellers","uz","uz","https://dordoi.help/uz/for-sellers","true","true",""
"/uz/help","uz","uz","https://dordoi.help/uz/help","true","true",""
"/uz/faq","uz","uz","https://dordoi.help/uz/faq","true","true",""
"/uz/dordoi-kazakhstan","uz","uz","https://dordoi.help/uz/dordoi-kazakhstan","true","true",""
"/uz/dordoi-uzbekistan","uz","uz","https://dordoi.help/uz/dordoi-uzbekistan","true","true",""
"/uz/dordoi-tajikistan","uz","uz","https://dordoi.help/uz/dordoi-tajikistan","true","true",""
"/uz/dordoi-russia","uz","uz","https://dordoi.help/uz/dordoi-russia","true","true",""
"/uz/dordoi-kyrgyzstan","uz","uz","https://dordoi.help/uz/dordoi-kyrgyzstan","true","true",""
"/uz/contact","uz","uz","https://dordoi.help/uz/contact","true","true",""
"/uz/privacy","uz","uz","https://dordoi.help/uz/privacy","true","true",""
"/uz/terms","uz","uz","https://dordoi.help/uz/terms","true","true",""
"/uz/refund","uz","uz","https://dordoi.help/uz/refund","true","true",""
"/uz/kargo-dordoi","uz","uz","https://dordoi.help/uz/kargo-dordoi","true","true",""
"/uz/dordoi-optom","uz","uz","https://dordoi.help/uz/dordoi-optom","true","true",""
"/uz/rynok-bishkek","uz","uz","https://dordoi.help/uz/rynok-bishkek","true","true",""
"/uz/rynok-dordoi","uz","uz","https://dordoi.help/uz/rynok-dordoi","true","true",""
"/uz/categories/ayollar-kiyimi-ulgurji","uz","uz","https://dordoi.help/uz/categories/ayollar-kiyimi-ulgurji","true","true",""
"/uz/categories/erkaklar-kiyimi-ulgurji","uz","uz","https://dordoi.help/uz/categories/erkaklar-kiyimi-ulgurji","true","true",""
"/uz/categories/bolalar-kiyimi-ulgurji","uz","uz","https://dordoi.help/uz/categories/bolalar-kiyimi-ulgurji","true","true",""
"/uz/categories/ichki-kiyim-kupalnik-ulgurji","uz","uz","https://dordoi.help/uz/categories/ichki-kiyim-kupalnik-ulgurji","true","true",""
"/uz/categories/poyabzal-ulgurji","uz","uz","https://dordoi.help/uz/categories/poyabzal-ulgurji","true","true",""
"/uz/categories/sumka-charm-ulgurji","uz","uz","https://dordoi.help/uz/categories/sumka-charm-ulgurji","true","true",""
"/uz/categories/aksessuar-ulgurji","uz","uz","https://dordoi.help/uz/categories/aksessuar-ulgurji","true","true",""
"/uz/categories/mato-tikuv-furnitura-ulgurji","uz","uz","https://dordoi.help/uz/categories/mato-tikuv-furnitura-ulgurji","true","true",""
"/uz/categories/uy-tekstili-ulgurji","uz","uz","https://dordoi.help/uz/categories/uy-tekstili-ulgurji","true","true",""
"/uz/categories/kosmetika-parfyumeriya-ulgurji","uz","uz","https://dordoi.help/uz/categories/kosmetika-parfyumeriya-ulgurji","true","true",""
"/uz/categories/oyinchoq-bolalar-ulgurji","uz","uz","https://dordoi.help/uz/categories/oyinchoq-bolalar-ulgurji","true","true",""
"/uz/categories/elektronika-mobil-aksessuar-ulgurji","uz","uz","https://dordoi.help/uz/categories/elektronika-mobil-aksessuar-ulgurji","true","true",""
"/uz/categories/qadoqlash-savdo-jihozlari","uz","uz","https://dordoi.help/uz/categories/qadoqlash-savdo-jihozlari","true","true",""
"/uz/categories/uy-tovar-xo-jihozlari-ulgurji","uz","uz","https://dordoi.help/uz/categories/uy-tovar-xo-jihozlari-ulgurji","true","true",""
"/uz/categories/avtotovar-aksessuar-ulgurji","uz","uz","https://dordoi.help/uz/categories/avtotovar-aksessuar-ulgurji","true","true",""
"/uz/categories/sport-turizm-dam-olish-ulgurji","uz","uz","https://dordoi.help/uz/categories/sport-turizm-dam-olish-ulgurji","true","true",""
"/uz/blog","uz","uz","https://dordoi.help/uz/blog","true","true",""
"/uz/blog/dordoy-yetkazib-beruvchini-qanday-topish","uz","uz","https://dordoi.help/uz/blog/dordoy-yetkazib-beruvchini-qanday-topish","true","true",""
"/uz/blog/dordoy-kargo-qanday-ishlaydi","uz","uz","https://dordoi.help/uz/blog/dordoy-kargo-qanday-ishlaydi","true","true",""
"/uz/blog/dordoy-ulgurji-qanday-xarid-qilish","uz","uz","https://dordoi.help/uz/blog/dordoy-ulgurji-qanday-xarid-qilish","true","true",""
"/uz/blog/dordoy-yetkazib-beruvchini-qanday-tekshirish","uz","uz","https://dordoi.help/uz/blog/dordoy-yetkazib-beruvchini-qanday-tekshirish","true","true",""
"/uz/blog/dordoy-xarid-chek-royxati","uz","uz","https://dordoi.help/uz/blog/dordoy-xarid-chek-royxati","true","true",""
"/uz/blog/dordoy-yetkazib-beruvchilarini-solishtirish","uz","uz","https://dordoi.help/uz/blog/dordoy-yetkazib-beruvchilarini-solishtirish","true","true",""
"/uz/blog/dordoy-yetkazib-beruvchiga-qanday-yozish","uz","uz","https://dordoi.help/uz/blog/dordoy-yetkazib-beruvchiga-qanday-yozish","true","true",""
"/uz/blog/dordoydan-masofadan-qanday-xarid-qilish","uz","uz","https://dordoi.help/uz/blog/dordoydan-masofadan-qanday-xarid-qilish","true","true",""
"/uz/blog/dordoydan-qozogistonga-yetkazish","uz","uz","https://dordoi.help/uz/blog/dordoydan-qozogistonga-yetkazish","true","true",""
"/uz/blog/dordoydan-ozbekistonga-yetkazish","uz","uz","https://dordoi.help/uz/blog/dordoydan-ozbekistonga-yetkazish","true","true",""
"/uz/blog/dordoydan-tojikistonga-yetkazish","uz","uz","https://dordoi.help/uz/blog/dordoydan-tojikistonga-yetkazish","true","true",""
"/uz/blog/dordoydan-rossiyaga-yetkazish","uz","uz","https://dordoi.help/uz/blog/dordoydan-rossiyaga-yetkazish","true","true",""
"/uz/blog/dordoy-kargo-qancha-vaqt-oladi","uz","uz","https://dordoi.help/uz/blog/dordoy-kargo-qancha-vaqt-oladi","true","true",""
"/uz/blog/dordoy-bayer-kim-va-nima-uchun-kerak","uz","uz","https://dordoi.help/uz/blog/dordoy-bayer-kim-va-nima-uchun-kerak","true","true",""
"/uz/blog/dordoy-bayerini-qanday-tanlash","uz","uz","https://dordoi.help/uz/blog/dordoy-bayerini-qanday-tanlash","true","true",""
"/uz/blog/qozogiston-uchun-dordoy-bayer","uz","uz","https://dordoi.help/uz/blog/qozogiston-uchun-dordoy-bayer","true","true",""
"/uz/blog/dordoy-bayer-yoki-mustaqil-xarid","uz","uz","https://dordoi.help/uz/blog/dordoy-bayer-yoki-mustaqil-xarid","true","true",""
"/uz/blog/ayollar-kiyimi-ulgurji-dordoy","uz","uz","https://dordoi.help/uz/blog/ayollar-kiyimi-ulgurji-dordoy","true","true",""
"/uz/blog/erkaklar-kiyimi-ulgurji-dordoy","uz","uz","https://dordoi.help/uz/blog/erkaklar-kiyimi-ulgurji-dordoy","true","true",""
"/uz/blog/bolalar-kiyimi-ulgurji-dordoy","uz","uz","https://dordoi.help/uz/blog/bolalar-kiyimi-ulgurji-dordoy","true","true",""
"/uz/blog/poyabzal-ulgurji-dordoy","uz","uz","https://dordoi.help/uz/blog/poyabzal-ulgurji-dordoy","true","true",""
"/uz/blog/sumkalar-ulgurji-dordoy","uz","uz","https://dordoi.help/uz/blog/sumkalar-ulgurji-dordoy","true","true",""
"/uz/blog/mato-va-furnitura-dordoy","uz","uz","https://dordoi.help/uz/blog/mato-va-furnitura-dordoy","true","true",""
"/uz/blog/dordoy-ulgurji-toliq-qollanma","uz","uz","https://dordoi.help/uz/blog/dordoy-ulgurji-toliq-qollanma","true","true",""
"/uz/blog/dordoy-onlayn-katalog-qanday-foydalanish","uz","uz","https://dordoi.help/uz/blog/dordoy-onlayn-katalog-qanday-foydalanish","true","true",""
"/uz/blog/dordoy-narxlari-va-prais-qanday-aniqlash","uz","uz","https://dordoi.help/uz/blog/dordoy-narxlari-va-prais-qanday-aniqlash","true","true",""
"/uz/blog/dordoy-yetkazib-beruvchi-kontaktlarini-xavfsiz-ochish","uz","uz","https://dordoi.help/uz/blog/dordoy-yetkazib-beruvchi-kontaktlarini-xavfsiz-ochish","true","true",""
"/uz/blog/trikotaj-ulgurji-dordoy","uz","uz","https://dordoi.help/uz/blog/trikotaj-ulgurji-dordoy","true","true",""
"/uz/blog/ichki-kiyim-korset-ulgurji-dordoy","uz","uz","https://dordoi.help/uz/blog/ichki-kiyim-korset-ulgurji-dordoy","true","true",""
"/uz/blog/qirgiziston-korpa-toshak-ulgurji","uz","uz","https://dordoi.help/uz/blog/qirgiziston-korpa-toshak-ulgurji","true","true",""
"/uz/blog/wildberries-uchun-bishkek-yetkazib-beruvchilar","uz","uz","https://dordoi.help/uz/blog/wildberries-uchun-bishkek-yetkazib-beruvchilar","true","true",""
"/uz/blog/qirgiziston-marketpleys-tovarlari-ulgurji","uz","uz","https://dordoi.help/uz/blog/qirgiziston-marketpleys-tovarlari-ulgurji","true","true",""
"/uz/blog/bishkek-tikuv-sexlar-va-kiyim-ishlab-chiqarish","uz","uz","https://dordoi.help/uz/blog/bishkek-tikuv-sexlar-va-kiyim-ishlab-chiqarish","true","true",""
"/uz/blog/bishkek-tayyor-kiyim-tikish","uz","uz","https://dordoi.help/uz/blog/bishkek-tayyor-kiyim-tikish","true","true",""
"/uz/blog/bishkek-ulgurji-bozorlar-yetkazib-beruvchi-izlash","uz","uz","https://dordoi.help/uz/blog/bishkek-ulgurji-bozorlar-yetkazib-beruvchi-izlash","true","true",""
"/uz/blog/bishkek-yetkazib-beruvchilar-ulgurji-hamkor-topish","uz","uz","https://dordoi.help/uz/blog/bishkek-yetkazib-beruvchilar-ulgurji-hamkor-topish","true","true",""
"/uz/blog/dordoy-bishkek-yetkazib-beruvchilar-katalog-toifalar","uz","uz","https://dordoi.help/uz/blog/dordoy-bishkek-yetkazib-beruvchilar-katalog-toifalar","true","true",""
"/uz/blog/bishkek-ulgurji-bozorlar-dordoy-madina-alamedin","uz","uz","https://dordoi.help/uz/blog/bishkek-ulgurji-bozorlar-dordoy-madina-alamedin","true","true",""
"/uz/blog/bishkek-kiyim-ulgurji-dordoy-yetkazib-beruvchilar","uz","uz","https://dordoi.help/uz/blog/bishkek-kiyim-ulgurji-dordoy-yetkazib-beruvchilar","true","true",""
"/uz/blog/bishkek-tovarlar-ulgurji-dokon-marketpleys","uz","uz","https://dordoi.help/uz/blog/bishkek-tovarlar-ulgurji-dokon-marketpleys","true","true",""
"/uz/blog/bishkek-yetkazib-beruvchilar-katalogidan-foydalanish","uz","uz","https://dordoi.help/uz/blog/bishkek-yetkazib-beruvchilar-katalogidan-foydalanish","true","true",""
"/uz/blog/bishkekda-ulgurji-xarid-uchun-bozor-tanlash","uz","uz","https://dordoi.help/uz/blog/bishkekda-ulgurji-xarid-uchun-bozor-tanlash","true","true",""
"/uz/catalog/postavshik-zhenskoy-odezhdy-a9e9","uz","uz","https://dordoi.help/uz/suppliers/asso-corsets","true","true",""
"/uz/suppliers/asso-corsets","uz","uz","https://dordoi.help/uz/suppliers/asso-corsets","true","true",""
"/tj","tj","tg","https://dordoi.help/tj","true","true",""
"/tj/catalog","tj","tg","https://dordoi.help/tj/catalog","true","true",""
"/tj/sell","tj","tg","https://dordoi.help/tj/sell","true","true",""
"/tj/suppliers","tj","tg","https://dordoi.help/tj/suppliers","true","true",""
"/tj/buyers","tj","tg","https://dordoi.help/tj/buyers","true","true",""
"/tj/buyer-service","tj","tg","https://dordoi.help/tj/buyer-service","true","true",""
"/tj/about","tj","tg","https://dordoi.help/tj/about","true","true",""
"/tj/how-it-works","tj","tg","https://dordoi.help/tj/how-it-works","true","true",""
"/tj/for-buyers","tj","tg","https://dordoi.help/tj/for-buyers","true","true",""
"/tj/for-sellers","tj","tg","https://dordoi.help/tj/for-sellers","true","true",""
"/tj/help","tj","tg","https://dordoi.help/tj/help","true","true",""
"/tj/faq","tj","tg","https://dordoi.help/tj/faq","true","true",""
"/tj/dordoi-kazakhstan","tj","tg","https://dordoi.help/tj/dordoi-kazakhstan","true","true",""
"/tj/dordoi-uzbekistan","tj","tg","https://dordoi.help/tj/dordoi-uzbekistan","true","true",""
"/tj/dordoi-tajikistan","tj","tg","https://dordoi.help/tj/dordoi-tajikistan","true","true",""
"/tj/dordoi-russia","tj","tg","https://dordoi.help/tj/dordoi-russia","true","true",""
"/tj/dordoi-kyrgyzstan","tj","tg","https://dordoi.help/tj/dordoi-kyrgyzstan","true","true",""
"/tj/contact","tj","tg","https://dordoi.help/tj/contact","true","true",""
"/tj/privacy","tj","tg","https://dordoi.help/tj/privacy","true","true",""
"/tj/terms","tj","tg","https://dordoi.help/tj/terms","true","true",""
"/tj/refund","tj","tg","https://dordoi.help/tj/refund","true","true",""
"/tj/kargo-dordoi","tj","tg","https://dordoi.help/tj/kargo-dordoi","true","true",""
"/tj/dordoi-optom","tj","tg","https://dordoi.help/tj/dordoi-optom","true","true",""
"/tj/rynok-bishkek","tj","tg","https://dordoi.help/tj/rynok-bishkek","true","true",""
"/tj/rynok-dordoi","tj","tg","https://dordoi.help/tj/rynok-dordoi","true","true",""
"/tj/categories/libosi-zanona-yaklukht","tj","tg","https://dordoi.help/tj/categories/libosi-zanona-yaklukht","true","true",""
"/tj/categories/libosi-mardona-opt","tj","tg","https://dordoi.help/tj/categories/libosi-mardona-opt","true","true",""
"/tj/categories/libosi-atfol-opt","tj","tg","https://dordoi.help/tj/categories/libosi-atfol-opt","true","true",""
"/tj/categories/libosi-zirak-kupalnik-opt","tj","tg","https://dordoi.help/tj/categories/libosi-zirak-kupalnik-opt","true","true",""
"/tj/categories/poyafzal-opt","tj","tg","https://dordoi.help/tj/categories/poyafzal-opt","true","true",""
"/tj/categories/sumka-charm-opt","tj","tg","https://dordoi.help/tj/categories/sumka-charm-opt","true","true",""
"/tj/categories/aksessuar-opt","tj","tg","https://dordoi.help/tj/categories/aksessuar-opt","true","true",""
"/tj/categories/matou-furnitura-opt","tj","tg","https://dordoi.help/tj/categories/matou-furnitura-opt","true","true",""
"/tj/categories/matoui-hona-opt","tj","tg","https://dordoi.help/tj/categories/matoui-hona-opt","true","true",""
"/tj/categories/kosmetika-atir-opt","tj","tg","https://dordoi.help/tj/categories/kosmetika-atir-opt","true","true",""
"/tj/categories/bozichaho-atfol-opt","tj","tg","https://dordoi.help/tj/categories/bozichaho-atfol-opt","true","true",""
"/tj/categories/elektronika-mobil-aksessuar-opt","tj","tg","https://dordoi.help/tj/categories/elektronika-mobil-aksessuar-opt","true","true",""
"/tj/categories/bastebandi-asbob-opt","tj","tg","https://dordoi.help/tj/categories/bastebandi-asbob-opt","true","true",""
"/tj/categories/mol-hona-opt","tj","tg","https://dordoi.help/tj/categories/mol-hona-opt","true","true",""
"/tj/categories/mol-automobil-opt","tj","tg","https://dordoi.help/tj/categories/mol-automobil-opt","true","true",""
"/tj/categories/varzish-sayohat-opt","tj","tg","https://dordoi.help/tj/categories/varzish-sayohat-opt","true","true",""
"/tj/blog","tj","tg","https://dordoi.help/tj/blog","true","true",""
"/tj/blog/dordoi-taminkunandaro-chi-tavr-yoftan","tj","tg","https://dordoi.help/tj/blog/dordoi-taminkunandaro-chi-tavr-yoftan","true","true",""
"/tj/blog/kargoi-dordoi-chi-tavr-kor-mekunad","tj","tg","https://dordoi.help/tj/blog/kargoi-dordoi-chi-tavr-kor-mekunad","true","true",""
"/tj/blog/dordoi-yakluht-chi-tavr-haridan","tj","tg","https://dordoi.help/tj/blog/dordoi-yakluht-chi-tavr-haridan","true","true",""
"/tj/blog/taminkunandai-dordoi-chi-tavr-sanjidan","tj","tg","https://dordoi.help/tj/blog/taminkunandai-dordoi-chi-tavr-sanjidan","true","true",""
"/tj/blog/cheklisti-harid-az-dordoi","tj","tg","https://dordoi.help/tj/blog/cheklisti-harid-az-dordoi","true","true",""
"/tj/blog/taminkunandagoni-dordoi-mukoisa-kardan","tj","tg","https://dordoi.help/tj/blog/taminkunandagoni-dordoi-mukoisa-kardan","true","true",""
"/tj/blog/ba-taminkunandai-dordoi-chi-tavr-navishtan","tj","tg","https://dordoi.help/tj/blog/ba-taminkunandai-dordoi-chi-tavr-navishtan","true","true",""
"/tj/blog/az-dordoi-fosilavi-chi-tavr-haridan","tj","tg","https://dordoi.help/tj/blog/az-dordoi-fosilavi-chi-tavr-haridan","true","true",""
"/tj/blog/az-dordoi-ba-qazoqiston-intiqol","tj","tg","https://dordoi.help/tj/blog/az-dordoi-ba-qazoqiston-intiqol","true","true",""
"/tj/blog/az-dordoi-ba-uzbekiston-intiqol","tj","tg","https://dordoi.help/tj/blog/az-dordoi-ba-uzbekiston-intiqol","true","true",""
"/tj/blog/az-dordoi-ba-tojikiston-intiqol","tj","tg","https://dordoi.help/tj/blog/az-dordoi-ba-tojikiston-intiqol","true","true",""
"/tj/blog/az-dordoi-ba-rusiya-intiqol","tj","tg","https://dordoi.help/tj/blog/az-dordoi-ba-rusiya-intiqol","true","true",""
"/tj/blog/kargoi-dordoi-chi-qadar-vaqt-megirad","tj","tg","https://dordoi.help/tj/blog/kargoi-dordoi-chi-qadar-vaqt-megirad","true","true",""
"/tj/blog/bayeri-dordoi-kist-va-baroi-chi-lozim","tj","tg","https://dordoi.help/tj/blog/bayeri-dordoi-kist-va-baroi-chi-lozim","true","true",""
"/tj/blog/bayeri-dordoi-chi-tavr-intihob-kardan","tj","tg","https://dordoi.help/tj/blog/bayeri-dordoi-chi-tavr-intihob-kardan","true","true",""
"/tj/blog/bayeri-dordoi-baroi-qazoqiston","tj","tg","https://dordoi.help/tj/blog/bayeri-dordoi-baroi-qazoqiston","true","true",""
"/tj/blog/dordoi-bayer-yo-haridi-mustaqil","tj","tg","https://dordoi.help/tj/blog/dordoi-bayer-yo-haridi-mustaqil","true","true",""
"/tj/blog/liboshoi-zanona-yakluht-dordoi","tj","tg","https://dordoi.help/tj/blog/liboshoi-zanona-yakluht-dordoi","true","true",""
"/tj/blog/liboshoi-mardona-yakluht-dordoi","tj","tg","https://dordoi.help/tj/blog/liboshoi-mardona-yakluht-dordoi","true","true",""
"/tj/blog/liboshoi-kudakona-yakluht-dordoi","tj","tg","https://dordoi.help/tj/blog/liboshoi-kudakona-yakluht-dordoi","true","true",""
"/tj/blog/poyafzol-yakluht-dordoi","tj","tg","https://dordoi.help/tj/blog/poyafzol-yakluht-dordoi","true","true",""
"/tj/blog/sumkaho-yakluht-dordoi","tj","tg","https://dordoi.help/tj/blog/sumkaho-yakluht-dordoi","true","true",""
"/tj/blog/mato-va-furnitura-dordoi","tj","tg","https://dordoi.help/tj/blog/mato-va-furnitura-dordoi","true","true",""
"/tj/blog/dordoi-yakluht-dasturi-purra","tj","tg","https://dordoi.help/tj/blog/dordoi-yakluht-dasturi-purra","true","true",""
"/tj/blog/katalogi-onlaini-dordoi-chi-tavr-istifoda-burdan","tj","tg","https://dordoi.help/tj/blog/katalogi-onlaini-dordoi-chi-tavr-istifoda-burdan","true","true",""
"/tj/blog/narhhoi-dordoi-va-prais-chi-tavr-anik-kardan","tj","tg","https://dordoi.help/tj/blog/narhhoi-dordoi-va-prais-chi-tavr-anik-kardan","true","true",""
"/tj/blog/kontakt-hoi-taminkunandagoni-dordoi-behatar-kushodan","tj","tg","https://dordoi.help/tj/blog/kontakt-hoi-taminkunandagoni-dordoi-behatar-kushodan","true","true",""
"/tj/blog/trikotazh-yakluht-dordoi","tj","tg","https://dordoi.help/tj/blog/trikotazh-yakluht-dordoi","true","true",""
"/tj/blog/libosi-tagi-korset-yakluht-dordoi","tj","tg","https://dordoi.help/tj/blog/libosi-tagi-korset-yakluht-dordoi","true","true",""
"/tj/blog/qirghiziston-joypush-yakluht","tj","tg","https://dordoi.help/tj/blog/qirghiziston-joypush-yakluht","true","true",""
"/tj/blog/taminkunandagon-baroi-wildberries-bishkek","tj","tg","https://dordoi.help/tj/blog/taminkunandagon-baroi-wildberries-bishkek","true","true",""
"/tj/blog/molhoi-marketpleys-az-qirghiziston-yakluht","tj","tg","https://dordoi.help/tj/blog/molhoi-marketpleys-az-qirghiziston-yakluht","true","true",""
"/tj/blog/tsehhhoi-duzandagi-bishkek-va-istehsoli-libos","tj","tg","https://dordoi.help/tj/blog/tsehhhoi-duzandagi-bishkek-va-istehsoli-libos","true","true",""
"/tj/blog/duhtani-libos-purrai-bishkek","tj","tg","https://dordoi.help/tj/blog/duhtani-libos-purrai-bishkek","true","true",""
"/tj/blog/bozorhoi-yakluhti-bishkek-taminkunanda-yoftan","tj","tg","https://dordoi.help/tj/blog/bozorhoi-yakluhti-bishkek-taminkunanda-yoftan","true","true",""
"/tj/blog/taminkunandagoni-bishkek-shariki-yakluht-yoftan","tj","tg","https://dordoi.help/tj/blog/taminkunandagoni-bishkek-shariki-yakluht-yoftan","true","true",""
"/tj/blog/dordoi-bishkek-taminkunandagon-katalog-kategoriyaho","tj","tg","https://dordoi.help/tj/blog/dordoi-bishkek-taminkunandagon-katalog-kategoriyaho","true","true",""
"/tj/blog/bozorhoi-yakluhti-bishkek-dordoi-madina-alamedin","tj","tg","https://dordoi.help/tj/blog/bozorhoi-yakluhti-bishkek-dordoi-madina-alamedin","true","true",""
"/tj/blog/libos-yakluht-bishkek-taminkunandagoni-dordoi","tj","tg","https://dordoi.help/tj/blog/libos-yakluht-bishkek-taminkunandagoni-dordoi","true","true",""
"/tj/blog/molhoi-yakluht-bishkek-baroi-dukon-marketpleys","tj","tg","https://dordoi.help/tj/blog/molhoi-yakluht-bishkek-baroi-dukon-marketpleys","true","true",""
"/tj/blog/katalogi-taminkunandagoni-bishkek-istifoda","tj","tg","https://dordoi.help/tj/blog/katalogi-taminkunandagoni-bishkek-istifoda","true","true",""
"/tj/blog/bishkek-baroi-haridi-yakluht-bozor-intihob","tj","tg","https://dordoi.help/tj/blog/bishkek-baroi-haridi-yakluht-bozor-intihob","true","true",""
"/tj/catalog/postavshik-zhenskoy-odezhdy-a9e9","tj","tg","https://dordoi.help/tj/suppliers/asso-corsets","true","true",""
"/tj/suppliers/asso-corsets","tj","tg","https://dordoi.help/tj/suppliers/asso-corsets","true","true",""