url,in_sitemap,locale,type
"https://dordoi.help/ru,true,ru,home"
"https://dordoi.help/ru/catalog,true,ru,other"
"https://dordoi.help/ru/sell,true,ru,other"
"https://dordoi.help/ru/suppliers,true,ru,other"
"https://dordoi.help/ru/buyers,true,ru,other"
"https://dordoi.help/ru/buyer-service,true,ru,other"
"https://dordoi.help/ru/about,true,ru,other"
"https://dordoi.help/ru/how-it-works,true,ru,other"
"https://dordoi.help/ru/for-buyers,true,ru,other"
"https://dordoi.help/ru/for-sellers,true,ru,other"
"https://dordoi.help/ru/help,true,ru,other"
"https://dordoi.help/ru/faq,true,ru,other"
"https://dordoi.help/ru/dordoi-kazakhstan,true,ru,country"
"https://dordoi.help/ru/dordoi-uzbekistan,true,ru,country"
"https://dordoi.help/ru/dordoi-tajikistan,true,ru,country"
"https://dordoi.help/ru/dordoi-russia,true,ru,country"
"https://dordoi.help/ru/dordoi-kyrgyzstan,true,ru,country"
"https://dordoi.help/ru/blog,true,ru,blogHub"
"https://dordoi.help/ru/contact,true,ru,other"
"https://dordoi.help/ru/privacy,true,ru,other"
"https://dordoi.help/ru/terms,true,ru,other"
"https://dordoi.help/ru/refund,true,ru,other"
"https://dordoi.help/kk,true,kk,home"
"https://dordoi.help/kk/catalog,true,kk,other"
"https://dordoi.help/kk/sell,true,kk,other"
"https://dordoi.help/kk/suppliers,true,kk,other"
"https://dordoi.help/kk/buyers,true,kk,other"
"https://dordoi.help/kk/buyer-service,true,kk,other"
"https://dordoi.help/kk/about,true,kk,other"
"https://dordoi.help/kk/how-it-works,true,kk,other"
"https://dordoi.help/kk/for-buyers,true,kk,other"
"https://dordoi.help/kk/for-sellers,true,kk,other"
"https://dordoi.help/kk/help,true,kk,other"
"https://dordoi.help/kk/faq,true,kk,other"
"https://dordoi.help/kk/dordoi-kazakhstan,true,kk,country"
"https://dordoi.help/kk/dordoi-uzbekistan,true,kk,country"
"https://dordoi.help/kk/dordoi-tajikistan,true,kk,country"
"https://dordoi.help/kk/dordoi-russia,true,kk,country"
"https://dordoi.help/kk/dordoi-kyrgyzstan,true,kk,country"
"https://dordoi.help/kk/blog,true,kk,blogHub"
"https://dordoi.help/kk/contact,true,kk,other"
"https://dordoi.help/kk/privacy,true,kk,other"
"https://dordoi.help/kk/terms,true,kk,other"
"https://dordoi.help/kk/refund,true,kk,other"
"https://dordoi.help/kg,true,kg,home"
"https://dordoi.help/kg/catalog,true,kg,other"
"https://dordoi.help/kg/sell,true,kg,other"
"https://dordoi.help/kg/suppliers,true,kg,other"
"https://dordoi.help/kg/buyers,true,kg,other"
"https://dordoi.help/kg/buyer-service,true,kg,other"
"https://dordoi.help/kg/about,true,kg,other"
"https://dordoi.help/kg/how-it-works,true,kg,other"
"https://dordoi.help/kg/for-buyers,true,kg,other"
"https://dordoi.help/kg/for-sellers,true,kg,other"
"https://dordoi.help/kg/help,true,kg,other"
"https://dordoi.help/kg/faq,true,kg,other"
"https://dordoi.help/kg/dordoi-kazakhstan,true,kg,country"
"https://dordoi.help/kg/dordoi-uzbekistan,true,kg,country"
"https://dordoi.help/kg/dordoi-tajikistan,true,kg,country"
"https://dordoi.help/kg/dordoi-russia,true,kg,country"
"https://dordoi.help/kg/dordoi-kyrgyzstan,true,kg,country"
"https://dordoi.help/kg/blog,true,kg,blogHub"
"https://dordoi.help/kg/contact,true,kg,other"
"https://dordoi.help/kg/privacy,true,kg,other"
"https://dordoi.help/kg/terms,true,kg,other"
"https://dordoi.help/kg/refund,true,kg,other"
"https://dordoi.help/uz,true,uz,home"
"https://dordoi.help/uz/catalog,true,uz,other"
"https://dordoi.help/uz/sell,true,uz,other"
"https://dordoi.help/uz/suppliers,true,uz,other"
"https://dordoi.help/uz/buyers,true,uz,other"
"https://dordoi.help/uz/buyer-service,true,uz,other"
"https://dordoi.help/uz/about,true,uz,other"
"https://dordoi.help/uz/how-it-works,true,uz,other"
"https://dordoi.help/uz/for-buyers,true,uz,other"
"https://dordoi.help/uz/for-sellers,true,uz,other"
"https://dordoi.help/uz/help,true,uz,other"
"https://dordoi.help/uz/faq,true,uz,other"
"https://dordoi.help/uz/dordoi-kazakhstan,true,uz,country"
"https://dordoi.help/uz/dordoi-uzbekistan,true,uz,country"
"https://dordoi.help/uz/dordoi-tajikistan,true,uz,country"
"https://dordoi.help/uz/dordoi-russia,true,uz,country"
"https://dordoi.help/uz/dordoi-kyrgyzstan,true,uz,country"
"https://dordoi.help/uz/blog,true,uz,blogHub"
"https://dordoi.help/uz/contact,true,uz,other"
"https://dordoi.help/uz/privacy,true,uz,other"
"https://dordoi.help/uz/terms,true,uz,other"
"https://dordoi.help/uz/refund,true,uz,other"
"https://dordoi.help/tj,true,tj,home"
"https://dordoi.help/tj/catalog,true,tj,other"
"https://dordoi.help/tj/sell,true,tj,other"
"https://dordoi.help/tj/suppliers,true,tj,other"
"https://dordoi.help/tj/buyers,true,tj,other"
"https://dordoi.help/tj/buyer-service,true,tj,other"
"https://dordoi.help/tj/about,true,tj,other"
"https://dordoi.help/tj/how-it-works,true,tj,other"
"https://dordoi.help/tj/for-buyers,true,tj,other"
"https://dordoi.help/tj/for-sellers,true,tj,other"
"https://dordoi.help/tj/help,true,tj,other"
"https://dordoi.help/tj/faq,true,tj,other"
"https://dordoi.help/tj/dordoi-kazakhstan,true,tj,country"
"https://dordoi.help/tj/dordoi-uzbekistan,true,tj,country"
"https://dordoi.help/tj/dordoi-tajikistan,true,tj,country"
"https://dordoi.help/tj/dordoi-russia,true,tj,country"
"https://dordoi.help/tj/dordoi-kyrgyzstan,true,tj,country"
"https://dordoi.help/tj/blog,true,tj,blogHub"
"https://dordoi.help/tj/contact,true,tj,other"
"https://dordoi.help/tj/privacy,true,tj,other"
"https://dordoi.help/tj/terms,true,tj,other"
"https://dordoi.help/tj/refund,true,tj,other"
"https://dordoi.help/ru/blog/kak-nayti-postavshchika-dordoi,true,ru,guide"
"https://dordoi.help/ru/blog/kargo-dordoi-kak-rabotaet-dostavka,true,ru,guide"
"https://dordoi.help/ru/blog/kak-kupit-optom-na-dordoe,true,ru,guide"
"https://dordoi.help/ru/blog/kak-proverit-postavshchika-dordoi,true,ru,guide"
"https://dordoi.help/ru/blog/chek-list-zakupki-na-dordoe,true,ru,guide"
"https://dordoi.help/ru/blog/kak-sravnit-postavshchikov-dordoi,true,ru,guide"
"https://dordoi.help/ru/blog/kak-napisat-postavshchiku-dordoi,true,ru,guide"
"https://dordoi.help/ru/blog/kak-zakupat-na-dordoe-udalenno,true,ru,guide"
"https://dordoi.help/ru/blog/dostavka-s-dordoya-v-kazakhstan,true,ru,guide"
"https://dordoi.help/ru/blog/dostavka-s-dordoya-v-uzbekistan,true,ru,guide"
"https://dordoi.help/ru/blog/dostavka-s-dordoya-v-tajikistan,true,ru,guide"
"https://dordoi.help/ru/blog/dostavka-s-dordoya-v-russia,true,ru,guide"
"https://dordoi.help/ru/blog/kargo-dordoi-skolko-vremeni-zanimaet,true,ru,guide"
"https://dordoi.help/ru/blog/bayer-dordoi-kto-eto-i-zachem-nuzhen,true,ru,guide"
"https://dordoi.help/ru/blog/kak-vybrat-bayera-dordoi,true,ru,guide"
"https://dordoi.help/ru/blog/bayer-dordoi-dlya-kazakhstana,true,ru,guide"
"https://dordoi.help/ru/blog/bayer-ili-samostoyatelnaya-zakupka-dordoi,true,ru,guide"
"https://dordoi.help/ru/blog/zhenskaya-odezhda-optom-dordoi,true,ru,guide"
"https://dordoi.help/ru/blog/muzhskaya-odezhda-optom-dordoi,true,ru,guide"
"https://dordoi.help/ru/blog/detskaya-odezhda-optom-dordoi,true,ru,guide"
"https://dordoi.help/ru/blog/obuv-optom-dordoi,true,ru,guide"
"https://dordoi.help/ru/blog/sumki-optom-dordoi,true,ru,guide"
"https://dordoi.help/ru/blog/tkani-i-furnitura-dordoi,true,ru,guide"
"https://dordoi.help/ru/blog/dordoi-optom-polnyy-gid,true,ru,guide"
"https://dordoi.help/ru/blog/dordoi-online-katalog-kak-polzovatsya,true,ru,guide"
"https://dordoi.help/ru/blog/dordoi-prais-listy-i-tseny-kak-utochnyat,true,ru,guide"
"https://dordoi.help/ru/blog/kontakty-postavshchikov-dordoi-kak-otkryt-bezopasno,true,ru,guide"
"https://dordoi.help/ru/blog/trikotazh-optom-dordoi,true,ru,guide"
"https://dordoi.help/ru/blog/nizhnee-bele-i-korsety-optom-dordoi,true,ru,guide"
"https://dordoi.help/ru/blog/postelnoe-bele-optom-kyrgyzstan,true,ru,guide"
"https://dordoi.help/ru/blog/postavshchiki-dlya-wildberries-bishkek,true,ru,guide"
"https://dordoi.help/ru/blog/tovary-optom-dlya-marketpleysov-kyrgyzstan,true,ru,guide"
"https://dordoi.help/ru/blog/shveynye-tsekha-bishkek-i-proizvodstvo-odezhdy,true,ru,guide"
"https://dordoi.help/ru/blog/poshiv-odezhdy-pod-klyuch-bishkek,true,ru,guide"
"https://dordoi.help/kk/blog/dordoi-zhetkizushini-qalai-tabu,true,kk,guide"
"https://dordoi.help/kk/blog/dordoi-kargo-qalai-zhumys-isteidi,true,kk,guide"
"https://dordoi.help/kk/blog/dordoi-koterme-qalai-satyp-alu,true,kk,guide"
"https://dordoi.help/kk/blog/dordoi-zhetkizushini-qalai-tekseru,true,kk,guide"
"https://dordoi.help/kk/blog/dordoi-satyp-alu-chek-paragy,true,kk,guide"
"https://dordoi.help/kk/blog/dordoi-zhetkizushilerin-qalai-salystyru,true,kk,guide"
"https://dordoi.help/kk/blog/dordoi-zhetkizushisine-qalai-zhazu,true,kk,guide"
"https://dordoi.help/kk/blog/dordoi-qashyqtan-qalai-satyp-alu,true,kk,guide"
"https://dordoi.help/kk/blog/dordoidan-qazaqstanga-zhetkizu,true,kk,guide"
"https://dordoi.help/kk/blog/dordoidan-ozbekstanga-zhetkizu,true,kk,guide"
"https://dordoi.help/kk/blog/dordoidan-tazhikstanga-zhetkizu,true,kk,guide"
"https://dordoi.help/kk/blog/dordoidan-reseige-zhetkizu,true,kk,guide"
"https://dordoi.help/kk/blog/dordoi-kargo-qansha-uakyt-alady,true,kk,guide"
"https://dordoi.help/kk/blog/dordoi-bayer-degen-kim,true,kk,guide"
"https://dordoi.help/kk/blog/dordoi-bayerin-qalai-tandau,true,kk,guide"
"https://dordoi.help/kk/blog/qazaqstan-ushin-dordoi-bayer,true,kk,guide"
"https://dordoi.help/kk/blog/dordoi-bayer-nemese-oz-betimen-satyp-alu,true,kk,guide"
"https://dordoi.help/kk/blog/ayelder-kiimi-koterme-dordoi,true,kk,guide"
"https://dordoi.help/kk/blog/erler-kiimi-koterme-dordoi,true,kk,guide"
"https://dordoi.help/kk/blog/balalar-kiimi-koterme-dordoi,true,kk,guide"
"https://dordoi.help/kk/blog/ayaq-kiim-koterme-dordoi,true,kk,guide"
"https://dordoi.help/kk/blog/somkeler-koterme-dordoi,true,kk,guide"
"https://dordoi.help/kk/blog/matalar-furnitura-dordoi,true,kk,guide"
"https://dordoi.help/kk/blog/dordoi-koterme-tolyk-nuskaulyk,true,kk,guide"
"https://dordoi.help/kk/blog/dordoi-onlain-katalog-qalai-paidalanu,true,kk,guide"
"https://dordoi.help/kk/blog/dordoi-bagalary-men-prais-qalai-naqtylau,true,kk,guide"
"https://dordoi.help/kk/blog/dordoi-zhetkizushi-kontaktary-qauipsiz-ashu,true,kk,guide"
"https://dordoi.help/kk/blog/trikotazh-koterme-dordoi,true,kk,guide"
"https://dordoi.help/kk/blog/is-kiim-korset-koterme-dordoi,true,kk,guide"
"https://dordoi.help/kk/blog/kyrgyzstan-tosek-zhabdgy-koterme,true,kk,guide"
"https://dordoi.help/kk/blog/wildberries-ushin-bishkek-zhetkizushileri,true,kk,guide"
"https://dordoi.help/kk/blog/qyrgyzstan-marketpleis-tauarlary-koterme,true,kk,guide"
"https://dordoi.help/kk/blog/bishkek-tigin-tsehtary-kiim-ondirisi,true,kk,guide"
"https://dordoi.help/kk/blog/bishkek-daiyn-kiim-tigu,true,kk,guide"
"https://dordoi.help/kg/blog/dordoi-zhetkiruuchunu-kantip-tabuu,true,kg,guide"
"https://dordoi.help/kg/blog/dordoi-kargo-kantip-ishteit,true,kg,guide"
"https://dordoi.help/kg/blog/dordoi-optom-kantip-satyp-aluu,true,kg,guide"
"https://dordoi.help/kg/blog/dordoi-zhetkiruuchunu-kantip-teksheruu,true,kg,guide"
"https://dordoi.help/kg/blog/dordoi-satyp-aluu-chek-baragy,true,kg,guide"
"https://dordoi.help/kg/blog/dordoi-zhetkiruuchulorun-kantip-salyshtyruu,true,kg,guide"
"https://dordoi.help/kg/blog/dordoi-zhetkiruuchusuno-kantip-zhazuu,true,kg,guide"
"https://dordoi.help/kg/blog/dordoi-aralyktan-kantip-satyp-aluu,true,kg,guide"
"https://dordoi.help/kg/blog/dordoidon-kazakstanga-zhetkiruu,true,kg,guide"
"https://dordoi.help/kg/blog/dordoidon-ozbekstanga-zhetkiruu,true,kg,guide"
"https://dordoi.help/kg/blog/dordoidon-tazhikstanga-zhetkiruu,true,kg,guide"
"https://dordoi.help/kg/blog/dordoidon-rossiyaga-zhetkiruu,true,kg,guide"
"https://dordoi.help/kg/blog/dordoi-kargo-kancha-ubakyt-alat,true,kg,guide"
"https://dordoi.help/kg/blog/dordoi-bayer-kim-zhana-emne-uchun-kerek,true,kg,guide"
"https://dordoi.help/kg/blog/dordoi-bayerin-kantip-tandoo,true,kg,guide"
"https://dordoi.help/kg/blog/kazakstan-uchun-dordoi-bayer,true,kg,guide"
"https://dordoi.help/kg/blog/dordoi-bayer-zhe-oz-aldyncha-satyp-aluu,true,kg,guide"
"https://dordoi.help/kg/blog/ayaldar-kiyimi-dununon-dordoi,true,kg,guide"
"https://dordoi.help/kg/blog/erkekter-kiyimi-dununon-dordoi,true,kg,guide"
"https://dordoi.help/kg/blog/baldar-kiyimi-dununon-dordoi,true,kg,guide"
"https://dordoi.help/kg/blog/but-kiyim-dununon-dordoi,true,kg,guide"
"https://dordoi.help/kg/blog/sumkalar-dununon-dordoi,true,kg,guide"
"https://dordoi.help/kg/blog/kezdeme-furnitura-dordoi,true,kg,guide"
"https://dordoi.help/kg/blog/dordoi-dununon-toluk-koldonmo,true,kg,guide"
"https://dordoi.help/kg/blog/dordoi-onlain-katalog-kantip-koldonuu,true,kg,guide"
"https://dordoi.help/kg/blog/dordoi-baalary-prais-kantip-taktoo,true,kg,guide"
"https://dordoi.help/kg/blog/dordoi-zhetkiruuchu-kontaktaryn-koopsuz-achuu,true,kg,guide"
"https://dordoi.help/kg/blog/trikotazh-dununon-dordoi,true,kg,guide"
"https://dordoi.help/kg/blog/ich-kiyim-korset-dununon-dordoi,true,kg,guide"
"https://dordoi.help/kg/blog/kyrgyzstan-toshok-zhabdyk-dununon,true,kg,guide"
"https://dordoi.help/kg/blog/wildberries-uchun-bishkek-zhetkiruuchuloru,true,kg,guide"
"https://dordoi.help/kg/blog/kyrgyzstan-marketpleis-tovarlary-dununon,true,kg,guide"
"https://dordoi.help/kg/blog/bishkek-tiguu-tsehtary-kiyim-ondurush,true,kg,guide"
"https://dordoi.help/kg/blog/bishkek-dayar-kiyim-tigu,true,kg,guide"
"https://dordoi.help/uz/blog/dordoy-yetkazib-beruvchini-qanday-topish,true,uz,guide"
"https://dordoi.help/uz/blog/dordoy-kargo-qanday-ishlaydi,true,uz,guide"
"https://dordoi.help/uz/blog/dordoy-ulgurji-qanday-xarid-qilish,true,uz,guide"
"https://dordoi.help/uz/blog/dordoy-yetkazib-beruvchini-qanday-tekshirish,true,uz,guide"
"https://dordoi.help/uz/blog/dordoy-xarid-chek-royxati,true,uz,guide"
"https://dordoi.help/uz/blog/dordoy-yetkazib-beruvchilarini-solishtirish,true,uz,guide"
"https://dordoi.help/uz/blog/dordoy-yetkazib-beruvchiga-qanday-yozish,true,uz,guide"
"https://dordoi.help/uz/blog/dordoydan-masofadan-qanday-xarid-qilish,true,uz,guide"
"https://dordoi.help/uz/blog/dordoydan-qozogistonga-yetkazish,true,uz,guide"
"https://dordoi.help/uz/blog/dordoydan-ozbekistonga-yetkazish,true,uz,guide"
"https://dordoi.help/uz/blog/dordoydan-tojikistonga-yetkazish,true,uz,guide"
"https://dordoi.help/uz/blog/dordoydan-rossiyaga-yetkazish,true,uz,guide"
"https://dordoi.help/uz/blog/dordoy-kargo-qancha-vaqt-oladi,true,uz,guide"
"https://dordoi.help/uz/blog/dordoy-bayer-kim-va-nima-uchun-kerak,true,uz,guide"
"https://dordoi.help/uz/blog/dordoy-bayerini-qanday-tanlash,true,uz,guide"
"https://dordoi.help/uz/blog/qozogiston-uchun-dordoy-bayer,true,uz,guide"
"https://dordoi.help/uz/blog/dordoy-bayer-yoki-mustaqil-xarid,true,uz,guide"
"https://dordoi.help/uz/blog/ayollar-kiyimi-ulgurji-dordoy,true,uz,guide"
"https://dordoi.help/uz/blog/erkaklar-kiyimi-ulgurji-dordoy,true,uz,guide"
"https://dordoi.help/uz/blog/bolalar-kiyimi-ulgurji-dordoy,true,uz,guide"
"https://dordoi.help/uz/blog/poyabzal-ulgurji-dordoy,true,uz,guide"
"https://dordoi.help/uz/blog/sumkalar-ulgurji-dordoy,true,uz,guide"
"https://dordoi.help/uz/blog/mato-va-furnitura-dordoy,true,uz,guide"
"https://dordoi.help/uz/blog/dordoy-ulgurji-toliq-qollanma,true,uz,guide"
"https://dordoi.help/uz/blog/dordoy-onlayn-katalog-qanday-foydalanish,true,uz,guide"
"https://dordoi.help/uz/blog/dordoy-narxlari-va-prais-qanday-aniqlash,true,uz,guide"
"https://dordoi.help/uz/blog/dordoy-yetkazib-beruvchi-kontaktlarini-xavfsiz-ochish,true,uz,guide"
"https://dordoi.help/uz/blog/trikotaj-ulgurji-dordoy,true,uz,guide"
"https://dordoi.help/uz/blog/ichki-kiyim-korset-ulgurji-dordoy,true,uz,guide"
"https://dordoi.help/uz/blog/qirgiziston-korpa-toshak-ulgurji,true,uz,guide"
"https://dordoi.help/uz/blog/wildberries-uchun-bishkek-yetkazib-beruvchilar,true,uz,guide"
"https://dordoi.help/uz/blog/qirgiziston-marketpleys-tovarlari-ulgurji,true,uz,guide"
"https://dordoi.help/uz/blog/bishkek-tikuv-sexlar-va-kiyim-ishlab-chiqarish,true,uz,guide"
"https://dordoi.help/uz/blog/bishkek-tayyor-kiyim-tikish,true,uz,guide"
"https://dordoi.help/tj/blog/dordoi-taminkunandaro-chi-tavr-yoftan,true,tj,guide"
"https://dordoi.help/tj/blog/kargoi-dordoi-chi-tavr-kor-mekunad,true,tj,guide"
"https://dordoi.help/tj/blog/dordoi-yakluht-chi-tavr-haridan,true,tj,guide"
"https://dordoi.help/tj/blog/taminkunandai-dordoi-chi-tavr-sanjidan,true,tj,guide"
"https://dordoi.help/tj/blog/cheklisti-harid-az-dordoi,true,tj,guide"
"https://dordoi.help/tj/blog/taminkunandagoni-dordoi-mukoisa-kardan,true,tj,guide"
"https://dordoi.help/tj/blog/ba-taminkunandai-dordoi-chi-tavr-navishtan,true,tj,guide"
"https://dordoi.help/tj/blog/az-dordoi-fosilavi-chi-tavr-haridan,true,tj,guide"
"https://dordoi.help/tj/blog/az-dordoi-ba-qazoqiston-intiqol,true,tj,guide"
"https://dordoi.help/tj/blog/az-dordoi-ba-uzbekiston-intiqol,true,tj,guide"
"https://dordoi.help/tj/blog/az-dordoi-ba-tojikiston-intiqol,true,tj,guide"
"https://dordoi.help/tj/blog/az-dordoi-ba-rusiya-intiqol,true,tj,guide"
"https://dordoi.help/tj/blog/kargoi-dordoi-chi-qadar-vaqt-megirad,true,tj,guide"
"https://dordoi.help/tj/blog/bayeri-dordoi-kist-va-baroi-chi-lozim,true,tj,guide"
"https://dordoi.help/tj/blog/bayeri-dordoi-chi-tavr-intihob-kardan,true,tj,guide"
"https://dordoi.help/tj/blog/bayeri-dordoi-baroi-qazoqiston,true,tj,guide"
"https://dordoi.help/tj/blog/dordoi-bayer-yo-haridi-mustaqil,true,tj,guide"
"https://dordoi.help/tj/blog/liboshoi-zanona-yakluht-dordoi,true,tj,guide"
"https://dordoi.help/tj/blog/liboshoi-mardona-yakluht-dordoi,true,tj,guide"
"https://dordoi.help/tj/blog/liboshoi-kudakona-yakluht-dordoi,true,tj,guide"
"https://dordoi.help/tj/blog/poyafzol-yakluht-dordoi,true,tj,guide"
"https://dordoi.help/tj/blog/sumkaho-yakluht-dordoi,true,tj,guide"
"https://dordoi.help/tj/blog/mato-va-furnitura-dordoi,true,tj,guide"
"https://dordoi.help/tj/blog/dordoi-yakluht-dasturi-purra,true,tj,guide"
"https://dordoi.help/tj/blog/katalogi-onlaini-dordoi-chi-tavr-istifoda-burdan,true,tj,guide"
"https://dordoi.help/tj/blog/narhhoi-dordoi-va-prais-chi-tavr-anik-kardan,true,tj,guide"
"https://dordoi.help/tj/blog/kontakt-hoi-taminkunandagoni-dordoi-behatar-kushodan,true,tj,guide"
"https://dordoi.help/tj/blog/trikotazh-yakluht-dordoi,true,tj,guide"
"https://dordoi.help/tj/blog/libosi-tagi-korset-yakluht-dordoi,true,tj,guide"
"https://dordoi.help/tj/blog/qirghiziston-joypush-yakluht,true,tj,guide"
"https://dordoi.help/tj/blog/taminkunandagon-baroi-wildberries-bishkek,true,tj,guide"
"https://dordoi.help/tj/blog/molhoi-marketpleys-az-qirghiziston-yakluht,true,tj,guide"
"https://dordoi.help/tj/blog/tsehhhoi-duzandagi-bishkek-va-istehsoli-libos,true,tj,guide"
"https://dordoi.help/tj/blog/duhtani-libos-purrai-bishkek,true,tj,guide"
"https://dordoi.help/ru/rynok-dordoi,true,ru,other"
"https://dordoi.help/ru/dordoi-optom,true,ru,other"
"https://dordoi.help/ru/kargo-dordoi,true,ru,other"
"https://dordoi.help/kk/rynok-dordoi,true,kk,other"
"https://dordoi.help/kk/dordoi-optom,true,kk,other"
"https://dordoi.help/kk/kargo-dordoi,true,kk,other"
"https://dordoi.help/kg/rynok-dordoi,true,kg,other"
"https://dordoi.help/kg/dordoi-optom,true,kg,other"
"https://dordoi.help/kg/kargo-dordoi,true,kg,other"
"https://dordoi.help/uz/rynok-dordoi,true,uz,other"
"https://dordoi.help/uz/dordoi-optom,true,uz,other"
"https://dordoi.help/uz/kargo-dordoi,true,uz,other"
"https://dordoi.help/tj/rynok-dordoi,true,tj,other"
"https://dordoi.help/tj/dordoi-optom,true,tj,other"
"https://dordoi.help/tj/kargo-dordoi,true,tj,other"
"https://dordoi.help/ru/categories/zhenskaya-odezhda-optom,true,ru,category"
"https://dordoi.help/ru/categories/muzhskaya-odezhda-optom,true,ru,category"
"https://dordoi.help/ru/categories/detskaya-odezhda-optom,true,ru,category"
"https://dordoi.help/ru/categories/nizhnee-bele-kupalniki-optom,true,ru,category"
"https://dordoi.help/ru/categories/obuv-optom,true,ru,category"
"https://dordoi.help/ru/categories/sumki-kozhgalantereya-optom,true,ru,category"
"https://dordoi.help/ru/categories/aksessuary-optom,true,ru,category"
"https://dordoi.help/ru/categories/tkani-shveynaya-furnitura-optom,true,ru,category"
"https://dordoi.help/ru/categories/tekstil-dlya-doma-optom,true,ru,category"
"https://dordoi.help/ru/categories/kosmetika-parfyumeriya-uhod-optom,true,ru,category"
"https://dordoi.help/ru/categories/igrushki-tovary-dlya-detey-optom,true,ru,category"
"https://dordoi.help/ru/categories/elektronika-mobilnye-aksessuary-optom,true,ru,category"
"https://dordoi.help/ru/categories/upakovka-torgovoe-oborudovanie,true,ru,category"
"https://dordoi.help/ru/categories/tovary-dlya-doma-hoztovary-optom,true,ru,category"
"https://dordoi.help/ru/categories/avtotovary-aksessuary-optom,true,ru,category"
"https://dordoi.help/ru/categories/sport-turizm-otdyh-optom,true,ru,category"
"https://dordoi.help/kk/categories/ayelder-kiimi-koterme,true,kk,category"
"https://dordoi.help/kk/categories/erler-kiimi-koterme,true,kk,category"
"https://dordoi.help/kk/categories/balalar-kiimi-koterme,true,kk,category"
"https://dordoi.help/kk/categories/astyk-kiim-kupalnik-koterme,true,kk,category"
"https://dordoi.help/kk/categories/ayak-kiim-koterme,true,kk,category"
"https://dordoi.help/kk/categories/sumka-teriden-koterme,true,kk,category"
"https://dordoi.help/kk/categories/aksessuar-koterme,true,kk,category"
"https://dordoi.help/kk/categories/matamen-shyru-furnitura-koterme,true,kk,category"
"https://dordoi.help/kk/categories/ui-textili-koterme,true,kk,category"
"https://dordoi.help/kk/categories/kosmetika-parfumeriya-koterme,true,kk,category"
"https://dordoi.help/kk/categories/oyyinshyk-balalar-koterme,true,kk,category"
"https://dordoi.help/kk/categories/elektronika-mobil-aksessuar-koterme,true,kk,category"
"https://dordoi.help/kk/categories/orau-sauda-zhuymesi-koterme,true,kk,category"
"https://dordoi.help/kk/categories/ui-tauar-turak-koterme,true,kk,category"
"https://dordoi.help/kk/categories/avto-tauar-aksesuar-koterme,true,kk,category"
"https://dordoi.help/kk/categories/sport-turizm-demal-koterme,true,kk,category"
"https://dordoi.help/kg/categories/ayaldar-kiyimi-dung,true,kg,category"
"https://dordoi.help/kg/categories/erkek-kiyimi-dung,true,kg,category"
"https://dordoi.help/kg/categories/baldar-kiyimi-dung,true,kg,category"
"https://dordoi.help/kg/categories/astyk-kiyim-kupalnik-dung,true,kg,category"
"https://dordoi.help/kg/categories/but-kiim-dung,true,kg,category"
"https://dordoi.help/kg/categories/sumka-teri-dung,true,kg,category"
"https://dordoi.help/kg/categories/aksessuar-dung,true,kg,category"
"https://dordoi.help/kg/categories/matamen-shyru-furnitura-dung,true,kg,category"
"https://dordoi.help/kg/categories/ui-textili-dung,true,kg,category"
"https://dordoi.help/kg/categories/kosmetika-parfumeriya-dung,true,kg,category"
"https://dordoi.help/kg/categories/oynoochuk-baldar-dung,true,kg,category"
"https://dordoi.help/kg/categories/elektronika-mobil-aksessuar-dung,true,kg,category"
"https://dordoi.help/kg/categories/oroo-sauda-zhuymosu-dung,true,kg,category"
"https://dordoi.help/kg/categories/ui-tovar-turak-dung,true,kg,category"
"https://dordoi.help/kg/categories/avto-tovar-aksessuar-dung,true,kg,category"
"https://dordoi.help/kg/categories/sport-turizm-dem-al-dung,true,kg,category"
"https://dordoi.help/uz/categories/ayollar-kiyimi-ulgurji,true,uz,category"
"https://dordoi.help/uz/categories/erkaklar-kiyimi-ulgurji,true,uz,category"
"https://dordoi.help/uz/categories/bolalar-kiyimi-ulgurji,true,uz,category"
"https://dordoi.help/uz/categories/ichki-kiyim-kupalnik-ulgurji,true,uz,category"
"https://dordoi.help/uz/categories/poyabzal-ulgurji,true,uz,category"
"https://dordoi.help/uz/categories/sumka-charm-ulgurji,true,uz,category"
"https://dordoi.help/uz/categories/aksessuar-ulgurji,true,uz,category"
"https://dordoi.help/uz/categories/mato-tikuv-furnitura-ulgurji,true,uz,category"
"https://dordoi.help/uz/categories/uy-tekstili-ulgurji,true,uz,category"
"https://dordoi.help/uz/categories/kosmetika-parfyumeriya-ulgurji,true,uz,category"
"https://dordoi.help/uz/categories/oyinchoq-bolalar-ulgurji,true,uz,category"
"https://dordoi.help/uz/categories/elektronika-mobil-aksessuar-ulgurji,true,uz,category"
"https://dordoi.help/uz/categories/qadoqlash-savdo-jihozlari,true,uz,category"
"https://dordoi.help/uz/categories/uy-tovar-xo-jihozlari-ulgurji,true,uz,category"
"https://dordoi.help/uz/categories/avtotovar-aksessuar-ulgurji,true,uz,category"
"https://dordoi.help/uz/categories/sport-turizm-dam-olish-ulgurji,true,uz,category"
"https://dordoi.help/tj/categories/libosi-zanona-yaklukht,true,tj,category"
"https://dordoi.help/tj/categories/libosi-mardona-opt,true,tj,category"
"https://dordoi.help/tj/categories/libosi-atfol-opt,true,tj,category"
"https://dordoi.help/tj/categories/libosi-zirak-kupalnik-opt,true,tj,category"
"https://dordoi.help/tj/categories/poyafzal-opt,true,tj,category"
"https://dordoi.help/tj/categories/sumka-charm-opt,true,tj,category"
"https://dordoi.help/tj/categories/aksessuar-opt,true,tj,category"
"https://dordoi.help/tj/categories/matou-furnitura-opt,true,tj,category"
"https://dordoi.help/tj/categories/matoui-hona-opt,true,tj,category"
"https://dordoi.help/tj/categories/kosmetika-atir-opt,true,tj,category"
"https://dordoi.help/tj/categories/bozichaho-atfol-opt,true,tj,category"
"https://dordoi.help/tj/categories/elektronika-mobil-aksessuar-opt,true,tj,category"
"https://dordoi.help/tj/categories/bastebandi-asbob-opt,true,tj,category"
"https://dordoi.help/tj/categories/mol-hona-opt,true,tj,category"
"https://dordoi.help/tj/categories/mol-automobil-opt,true,tj,category"
"https://dordoi.help/tj/categories/varzish-sayohat-opt,true,tj,category"